CREATE DATABASE  IF NOT EXISTS `CampusRide` /*!40100 DEFAULT CHARACTER SET utf8 */;
USE `CampusRide`;
-- MySQL dump 10.13  Distrib 5.7.17, for macos10.12 (x86_64)
--
-- Host: 127.0.0.1    Database: CampusRide
-- ------------------------------------------------------
-- Server version	5.7.21

/*!40101 SET @OLD_CHARACTER_SET_CLIENT=@@CHARACTER_SET_CLIENT */;
/*!40101 SET @OLD_CHARACTER_SET_RESULTS=@@CHARACTER_SET_RESULTS */;
/*!40101 SET @OLD_COLLATION_CONNECTION=@@COLLATION_CONNECTION */;
/*!40101 SET NAMES utf8 */;
/*!40103 SET @OLD_TIME_ZONE=@@TIME_ZONE */;
/*!40103 SET TIME_ZONE='+00:00' */;
/*!40014 SET @OLD_UNIQUE_CHECKS=@@UNIQUE_CHECKS, UNIQUE_CHECKS=0 */;
/*!40014 SET @OLD_FOREIGN_KEY_CHECKS=@@FOREIGN_KEY_CHECKS, FOREIGN_KEY_CHECKS=0 */;
/*!40101 SET @OLD_SQL_MODE=@@SQL_MODE, SQL_MODE='NO_AUTO_VALUE_ON_ZERO' */;
/*!40111 SET @OLD_SQL_NOTES=@@SQL_NOTES, SQL_NOTES=0 */;

--
-- Table structure for table `Appointment`
--

DROP TABLE IF EXISTS `Appointment`;
/*!40101 SET @saved_cs_client     = @@character_set_client */;
/*!40101 SET character_set_client = utf8 */;
CREATE TABLE `Appointment` (
  `apt_id` int(11) NOT NULL AUTO_INCREMENT,
  `student_id` int(11) NOT NULL,
  `schedule_id` int(11) NOT NULL,
  `type` varchar(10) NOT NULL,
  `rating` int(11) DEFAULT NULL,
  `comment` varchar(100) DEFAULT NULL,
  `pick_up_time` time NOT NULL,
  `pick_up_stop` int(11) NOT NULL,
  PRIMARY KEY (`apt_id`),
  UNIQUE KEY `unique_index` (`student_id`,`schedule_id`,`pick_up_time`),
  KEY `fk_student_id_idx` (`student_id`),
  KEY `fk_schedule_id_idx` (`schedule_id`),
  KEY `fk_pick_up_stop` (`pick_up_stop`),
  CONSTRAINT `fk_pick_up_stop` FOREIGN KEY (`pick_up_stop`) REFERENCES `Stop` (`stop_id`) ON DELETE NO ACTION ON UPDATE CASCADE,
  CONSTRAINT `fk_schedule_id` FOREIGN KEY (`schedule_id`) REFERENCES `Schedule` (`schedule_id`) ON DELETE NO ACTION ON UPDATE NO ACTION,
  CONSTRAINT `fk_student_id` FOREIGN KEY (`student_id`) REFERENCES `Student` (`student_id`) ON DELETE NO ACTION ON UPDATE NO ACTION
) ENGINE=InnoDB AUTO_INCREMENT=67 DEFAULT CHARSET=utf8;
/*!40101 SET character_set_client = @saved_cs_client */;

--
-- Dumping data for table `Appointment`
--

LOCK TABLES `Appointment` WRITE;
/*!40000 ALTER TABLE `Appointment` DISABLE KEYS */;
INSERT INTO `Appointment` VALUES (3,1,1684,'auto',NULL,NULL,'07:03:00',15),(4,17,1899,'auto',NULL,NULL,'12:27:00',3),(6,15,1891,'auto',NULL,NULL,'16:30:00',5),(7,13,1613,'auto',NULL,NULL,'10:21:00',1),(8,20,1617,'auto',NULL,NULL,'18:08:00',17),(10,18,1648,'auto',NULL,NULL,'15:28:00',4),(14,18,1897,'auto',NULL,NULL,'18:28:00',4),(15,18,1883,'auto',NULL,NULL,'20:28:00',4),(16,18,1736,'auto',NULL,NULL,'11:30:00',5),(17,18,1727,'auto',NULL,NULL,'08:24:00',2),(18,22,1722,'auto',NULL,NULL,'13:24:00',2),(19,22,1734,'auto',NULL,NULL,'17:24:00',2),(20,22,1722,'auto',NULL,NULL,'13:28:00',4),(21,17,1894,'auto',NULL,NULL,'17:27:00',3),(22,1,1972,'auto',NULL,NULL,'10:10:00',9),(24,1,1993,'cart',NULL,NULL,'05:15:00',5),(40,109,2059,'auto',NULL,NULL,'12:34:00',8),(41,109,2057,'auto',NULL,NULL,'18:34:00',8),(44,109,2116,'cart',NULL,NULL,'10:00:00',7),(46,109,2123,'auto',NULL,NULL,'14:00:00',34),(47,109,2020,'auto',NULL,NULL,'13:00:00',34),(49,109,2178,'auto',NULL,NULL,'19:00:00',34),(50,109,2146,'cart',NULL,NULL,'07:34:00',9),(51,109,2144,'cart',NULL,NULL,'07:34:00',9),(52,109,2146,'cart',NULL,NULL,'07:35:00',9),(53,109,2158,'cart',NULL,NULL,'07:35:00',9),(54,109,2159,'cart',NULL,NULL,'11:33:00',13),(55,109,2185,'cart',NULL,NULL,'08:13:00',5),(59,1,2144,'cart',NULL,NULL,'08:53:00',5),(61,1,2185,'cart',NULL,NULL,'09:03:00',9),(63,1,2093,'auto',NULL,NULL,'10:30:00',5),(64,1,2122,'auto',NULL,NULL,'13:28:00',4),(65,1,2086,'auto',NULL,NULL,'08:07:00',8),(66,1,2185,'cart',NULL,NULL,'12:42:00',5);
/*!40000 ALTER TABLE `Appointment` ENABLE KEYS */;
UNLOCK TABLES;

--
-- Table structure for table `Auto`
--

DROP TABLE IF EXISTS `Auto`;
/*!40101 SET @saved_cs_client     = @@character_set_client */;
/*!40101 SET character_set_client = utf8 */;
CREATE TABLE `Auto` (
  `vehicle_id` int(11) NOT NULL,
  `capacity` int(11) NOT NULL,
  `year` year(4) DEFAULT NULL,
  `maker` varchar(20) DEFAULT NULL,
  PRIMARY KEY (`vehicle_id`),
  CONSTRAINT `fk_auto_id` FOREIGN KEY (`vehicle_id`) REFERENCES `Vehicle` (`vehicle_id`) ON DELETE CASCADE ON UPDATE CASCADE
) ENGINE=InnoDB DEFAULT CHARSET=utf8;
/*!40101 SET character_set_client = @saved_cs_client */;

--
-- Dumping data for table `Auto`
--

LOCK TABLES `Auto` WRITE;
/*!40000 ALTER TABLE `Auto` DISABLE KEYS */;
INSERT INTO `Auto` VALUES (200,4,2017,'Chrysler'),(201,7,2016,'Hyundai'),(202,4,2017,'Hyundai'),(203,4,2017,'Chrysler'),(204,12,2017,'Chrysler'),(205,7,2016,'Chrysler'),(206,4,2017,'Hyundai'),(207,12,2017,'Hyundai'),(208,4,2017,'Hyundai'),(209,4,2016,'Chrysler'),(210,12,2016,'Hyundai'),(211,4,2017,'Chrysler'),(212,7,2016,'Hyundai'),(213,7,2017,'Chrysler'),(214,7,2016,'Hyundai'),(215,4,2016,'Chrysler'),(216,12,2017,'Chrysler'),(217,4,2016,'Chrysler'),(218,4,2016,'Hyundai'),(219,12,2017,'Hyundai');
/*!40000 ALTER TABLE `Auto` ENABLE KEYS */;
UNLOCK TABLES;
/*!50003 SET @saved_cs_client      = @@character_set_client */ ;
/*!50003 SET @saved_cs_results     = @@character_set_results */ ;
/*!50003 SET @saved_col_connection = @@collation_connection */ ;
/*!50003 SET character_set_client  = utf8 */ ;
/*!50003 SET character_set_results = utf8 */ ;
/*!50003 SET collation_connection  = utf8_general_ci */ ;
/*!50003 SET @saved_sql_mode       = @@sql_mode */ ;
/*!50003 SET sql_mode              = 'ONLY_FULL_GROUP_BY,STRICT_TRANS_TABLES,NO_ZERO_IN_DATE,NO_ZERO_DATE,ERROR_FOR_DIVISION_BY_ZERO,NO_AUTO_CREATE_USER,NO_ENGINE_SUBSTITUTION' */ ;
DELIMITER ;;
/*!50003 CREATE*/ /*!50017 DEFINER=`root`@`localhost`*/ /*!50003 TRIGGER `CampusRide`.`Auto_BEFORE_INSERT` 
before INSERT ON `Auto` 
FOR EACH ROW
BEGIN
	insert into Vehicle
    values(new.vehicle_id, 'auto');
END */;;
DELIMITER ;
/*!50003 SET sql_mode              = @saved_sql_mode */ ;
/*!50003 SET character_set_client  = @saved_cs_client */ ;
/*!50003 SET character_set_results = @saved_cs_results */ ;
/*!50003 SET collation_connection  = @saved_col_connection */ ;

--
-- Table structure for table `AutoRide`
--

DROP TABLE IF EXISTS `AutoRide`;
/*!40101 SET @saved_cs_client     = @@character_set_client */;
/*!40101 SET character_set_client = utf8 */;
CREATE TABLE `AutoRide` (
  `apt_id` int(11) NOT NULL,
  `drop_off_stop` int(11) NOT NULL,
  PRIMARY KEY (`apt_id`),
  KEY `fk_drop_off_stop_idx` (`drop_off_stop`),
  CONSTRAINT `autoride_ibfk_1` FOREIGN KEY (`apt_id`) REFERENCES `Appointment` (`apt_id`) ON DELETE CASCADE ON UPDATE CASCADE,
  CONSTRAINT `fk_drop_off_stop` FOREIGN KEY (`drop_off_stop`) REFERENCES `Stop` (`stop_id`) ON DELETE NO ACTION ON UPDATE CASCADE
) ENGINE=InnoDB DEFAULT CHARSET=utf8;
/*!40101 SET character_set_client = @saved_cs_client */;

--
-- Dumping data for table `AutoRide`
--

LOCK TABLES `AutoRide` WRITE;
/*!40000 ALTER TABLE `AutoRide` DISABLE KEYS */;
INSERT INTO `AutoRide` VALUES (21,5),(4,6),(7,7),(20,7),(6,8),(10,8),(14,8),(15,8),(64,9),(65,10),(3,11),(16,12),(17,12),(18,12),(19,12),(40,12),(41,12),(63,12),(22,16),(8,23),(46,33),(47,33),(49,33);
/*!40000 ALTER TABLE `AutoRide` ENABLE KEYS */;
UNLOCK TABLES;

--
-- Table structure for table `Cart`
--

DROP TABLE IF EXISTS `Cart`;
/*!40101 SET @saved_cs_client     = @@character_set_client */;
/*!40101 SET character_set_client = utf8 */;
CREATE TABLE `Cart` (
  `vehicle_id` int(11) NOT NULL,
  `wheelchair_acce` int(1) NOT NULL DEFAULT '0',
  PRIMARY KEY (`vehicle_id`),
  CONSTRAINT `fk_cart_id` FOREIGN KEY (`vehicle_id`) REFERENCES `Vehicle` (`vehicle_id`) ON DELETE CASCADE ON UPDATE CASCADE
) ENGINE=InnoDB DEFAULT CHARSET=utf8;
/*!40101 SET character_set_client = @saved_cs_client */;

--
-- Dumping data for table `Cart`
--

LOCK TABLES `Cart` WRITE;
/*!40000 ALTER TABLE `Cart` DISABLE KEYS */;
INSERT INTO `Cart` VALUES (100,0),(101,1),(102,1),(103,1),(104,0),(105,1),(106,0),(107,0),(108,1),(109,0),(110,1),(111,1),(112,1),(113,0),(114,1),(115,1),(116,0),(117,0),(118,0),(119,0),(120,1),(121,1),(122,0),(123,1),(124,0),(125,0),(126,0),(127,1),(128,1),(129,1);
/*!40000 ALTER TABLE `Cart` ENABLE KEYS */;
UNLOCK TABLES;
/*!50003 SET @saved_cs_client      = @@character_set_client */ ;
/*!50003 SET @saved_cs_results     = @@character_set_results */ ;
/*!50003 SET @saved_col_connection = @@collation_connection */ ;
/*!50003 SET character_set_client  = utf8 */ ;
/*!50003 SET character_set_results = utf8 */ ;
/*!50003 SET collation_connection  = utf8_general_ci */ ;
/*!50003 SET @saved_sql_mode       = @@sql_mode */ ;
/*!50003 SET sql_mode              = 'ONLY_FULL_GROUP_BY,STRICT_TRANS_TABLES,NO_ZERO_IN_DATE,NO_ZERO_DATE,ERROR_FOR_DIVISION_BY_ZERO,NO_AUTO_CREATE_USER,NO_ENGINE_SUBSTITUTION' */ ;
DELIMITER ;;
/*!50003 CREATE*/ /*!50017 DEFINER=`root`@`localhost`*/ /*!50003 TRIGGER `CampusRide`.`Cart_BRFORE_INSERT` 
before INSERT ON `Cart` 
FOR EACH ROW
BEGIN
	insert into Vehicle
    values(new.vehicle_id, 'cart');
END */;;
DELIMITER ;
/*!50003 SET sql_mode              = @saved_sql_mode */ ;
/*!50003 SET character_set_client  = @saved_cs_client */ ;
/*!50003 SET character_set_results = @saved_cs_results */ ;
/*!50003 SET collation_connection  = @saved_col_connection */ ;

--
-- Table structure for table `CartRide`
--

DROP TABLE IF EXISTS `CartRide`;
/*!40101 SET @saved_cs_client     = @@character_set_client */;
/*!40101 SET character_set_client = utf8 */;
CREATE TABLE `CartRide` (
  `apt_id` int(11) NOT NULL,
  `distance` int(11) DEFAULT NULL,
  `charge` int(11) DEFAULT NULL,
  `tips` int(11) DEFAULT NULL,
  PRIMARY KEY (`apt_id`),
  CONSTRAINT `cartride_ibfk_1` FOREIGN KEY (`apt_id`) REFERENCES `Appointment` (`apt_id`) ON DELETE CASCADE ON UPDATE CASCADE
) ENGINE=InnoDB DEFAULT CHARSET=utf8;
/*!40101 SET character_set_client = @saved_cs_client */;

--
-- Dumping data for table `CartRide`
--

LOCK TABLES `CartRide` WRITE;
/*!40000 ALTER TABLE `CartRide` DISABLE KEYS */;
/*!40000 ALTER TABLE `CartRide` ENABLE KEYS */;
UNLOCK TABLES;

--
-- Table structure for table `Driver`
--

DROP TABLE IF EXISTS `Driver`;
/*!40101 SET @saved_cs_client     = @@character_set_client */;
/*!40101 SET character_set_client = utf8 */;
CREATE TABLE `Driver` (
  `driver_id` int(11) NOT NULL,
  `first_name` varchar(20) NOT NULL,
  `last_name` varchar(20) NOT NULL,
  `date_of_birth` date NOT NULL,
  `liscence_num` char(20) NOT NULL,
  `password` varchar(10) NOT NULL,
  PRIMARY KEY (`driver_id`)
) ENGINE=InnoDB DEFAULT CHARSET=utf8;
/*!40101 SET character_set_client = @saved_cs_client */;

--
-- Dumping data for table `Driver`
--

LOCK TABLES `Driver` WRITE;
/*!40000 ALTER TABLE `Driver` DISABLE KEYS */;
INSERT INTO `Driver` VALUES (1,'Uma','Warren','1986-12-09','1677080436099','5045\n'),(2,'Macon','Erickson','1978-12-05','1612011720499','3568\n'),(3,'Andrew','Bolton','1991-04-17','1646052529699','4579\n'),(4,'Stewart','Hayden','1969-02-13','1623022488199','6919\n'),(5,'Finn','Hensley','1992-07-05','1659110582399','8019\n'),(6,'Camden','Martinez','1966-09-06','1674042864799','5369\n'),(7,'Mary','Woods','1972-09-16','1698060374199','4453\n'),(8,'Len','Strickland','1983-05-08','1625122044199','9025\n'),(9,'Audra','Green','1971-05-20','1676012563399','7363\n'),(10,'Aretha','Hoffman','1980-04-22','1699071426699','8725\n'),(11,'Ora','Moody','1979-04-02','1610080835899','1554\n'),(12,'Keaton','Leon','1972-04-10','1625071465099','7038\n'),(13,'Magee','Shaw','1972-02-03','1676010810499','8419\n'),(14,'Dara','Ferrell','1970-05-08','1668020335799','8695\n'),(15,'Jack','Chambers','1978-05-07','1608021074899','5088\n'),(16,'Rafael','Compton','1989-11-21','1647041735799','6622\n'),(17,'Aurelia','Randall','1965-01-08','1688081040699','9618\n'),(18,'Griffith','Rivera','1967-06-22','1630102913599','5440\n'),(19,'Rose','Wood','1979-12-20','1645102120599','5260\n'),(20,'Yoshio','Campos','1993-12-07','1608032610299','2958\n'),(21,'Alexa','Craft','1966-02-06','1674062122899','4701\n'),(22,'Kylie','Britt','1977-04-08','1662020521299','8716\n'),(23,'Giacomo','Guzman','1985-01-17','1633080318999','1786\n'),(24,'Jakeem','May','1993-08-17','1690091493999','2073\n'),(25,'Dorian','Schultz','1973-04-14','1677022804899','6655\n'),(26,'Berk','Stark','1988-10-24','1676023031999','1741\n'),(27,'Alfreda','Potts','1965-04-01','1645021248399','9456\n'),(28,'Martena','Bruce','1991-10-10','1644110126599','8552\n'),(29,'Galvin','Soto','1977-09-05','1667041140999','8758\n'),(30,'Kai','Whitley','1993-08-08','1658082817299','3805\n'),(31,'Zelda','Davis','1993-09-18','1666070442199','6222\n'),(32,'Connor','Pollard','1968-11-17','1602110151999','8516\n'),(33,'Brittany','Walton','1989-12-09','1678021574299','4403\n'),(34,'Lois','Jacobs','1985-03-26','1650050744999','2204\n'),(35,'Alvin','Lee','1971-02-07','1658042485199','1364\n'),(36,'Britanney','Park','1972-06-07','1666060139399','8010\n'),(37,'Colby','Savage','1975-09-28','1652102113199','3821\n'),(38,'Laura','Sweet','1976-12-19','1607031079899','3275\n'),(39,'Stewart','Sheppard','1965-09-06','1694051709199','1355\n'),(40,'Adele','Pope','1983-09-09','1697092567799','9809\n'),(41,'Quail','Frederick','1967-01-27','1606060305299','8365\n'),(42,'Jackson','Bean','1985-07-13','1696052750799','3782\n'),(43,'Brent','Blackwell','1993-02-25','1682070619399','4609\n'),(44,'Sydnee','Mcconnell','1981-07-24','1665031097899','3385\n'),(45,'Tamara','Mcknight','1965-02-17','1649092880399','6762\n'),(46,'Faith','Nelson','1968-06-24','1639112137499','5524\n'),(47,'Eleanor','Wynn','1969-02-06','1659010655899','9389\n'),(48,'Dustin','Norris','1971-06-28','1622062098899','4546\n'),(49,'Damon','Leon','1981-10-30','1697041861899','4139\n'),(50,'Vivien','Roman','1982-05-16','1648111124699','9596\n');
/*!40000 ALTER TABLE `Driver` ENABLE KEYS */;
UNLOCK TABLES;

--
-- Table structure for table `Route`
--

DROP TABLE IF EXISTS `Route`;
/*!40101 SET @saved_cs_client     = @@character_set_client */;
/*!40101 SET character_set_client = utf8 */;
CREATE TABLE `Route` (
  `line_id` int(11) NOT NULL,
  `stop_id` int(11) NOT NULL,
  `elapse_time` int(11) DEFAULT NULL,
  PRIMARY KEY (`line_id`,`stop_id`),
  KEY `fk_stop_id_idx` (`stop_id`),
  CONSTRAINT `fk_stop_id` FOREIGN KEY (`stop_id`) REFERENCES `Stop` (`stop_id`) ON UPDATE CASCADE
) ENGINE=InnoDB DEFAULT CHARSET=utf8;
/*!40101 SET character_set_client = @saved_cs_client */;

--
-- Dumping data for table `Route`
--

LOCK TABLES `Route` WRITE;
/*!40000 ALTER TABLE `Route` DISABLE KEYS */;
INSERT INTO `Route` VALUES (0,16,34),(0,17,35),(0,18,37),(0,24,12),(0,25,14),(0,26,16),(0,27,18),(0,28,21),(0,29,23),(0,30,25),(0,31,28),(0,32,31),(0,33,38),(0,34,0),(0,35,2),(0,36,4),(0,37,6),(0,39,7),(0,40,10),(1,7,4),(1,8,7),(1,9,10),(1,10,30),(1,11,32),(1,16,29),(1,31,24),(1,32,27),(1,37,13),(1,39,14),(1,41,35),(1,42,0),(1,43,1),(1,44,17),(1,45,18),(1,46,20),(1,47,23),(2,1,21),(2,2,24),(2,3,27),(2,4,28),(2,5,30),(2,6,31),(2,7,32),(2,8,34),(2,9,37),(2,10,39),(2,11,40),(2,12,43),(2,13,0),(2,14,2),(2,15,3),(2,16,6),(2,17,8),(2,18,10),(2,20,12),(2,21,15),(2,22,16),(2,23,18);
/*!40000 ALTER TABLE `Route` ENABLE KEYS */;
UNLOCK TABLES;

--
-- Table structure for table `Schedule`
--

DROP TABLE IF EXISTS `Schedule`;
/*!40101 SET @saved_cs_client     = @@character_set_client */;
/*!40101 SET character_set_client = utf8 */;
CREATE TABLE `Schedule` (
  `schedule_id` int(11) NOT NULL AUTO_INCREMENT,
  `vehicle_id` int(11) NOT NULL,
  `driver_id` int(11) NOT NULL,
  `date` date NOT NULL,
  PRIMARY KEY (`schedule_id`),
  UNIQUE KEY `vehicle_id` (`vehicle_id`,`driver_id`,`date`),
  KEY `fk_vehicle_id_idx` (`vehicle_id`),
  KEY `fk_driver_id_idx` (`driver_id`),
  CONSTRAINT `fk_driver_id` FOREIGN KEY (`driver_id`) REFERENCES `Driver` (`driver_id`) ON DELETE NO ACTION ON UPDATE CASCADE,
  CONSTRAINT `fk_vehicle_id` FOREIGN KEY (`vehicle_id`) REFERENCES `Vehicle` (`vehicle_id`) ON DELETE NO ACTION ON UPDATE CASCADE
) ENGINE=InnoDB AUTO_INCREMENT=3322 DEFAULT CHARSET=utf8;
/*!40101 SET character_set_client = @saved_cs_client */;

--
-- Dumping data for table `Schedule`
--

LOCK TABLES `Schedule` WRITE;
/*!40000 ALTER TABLE `Schedule` DISABLE KEYS */;
INSERT INTO `Schedule` VALUES (2945,100,2,'2018-05-18'),(2555,100,3,'2018-05-04'),(2863,100,4,'2018-05-16'),(1717,100,6,'2018-04-04'),(2145,100,9,'2018-04-19'),(2630,100,10,'2018-05-08'),(3119,100,10,'2018-05-24'),(2281,100,13,'2018-04-24'),(3187,100,15,'2018-05-28'),(1995,100,17,'2018-04-13'),(3154,100,17,'2018-05-25'),(3318,100,17,'2018-05-31'),(1874,100,18,'2018-04-10'),(1634,100,21,'2018-04-02'),(2748,100,22,'2018-05-11'),(2355,100,23,'2018-04-26'),(2595,100,23,'2018-05-07'),(2228,100,26,'2018-04-23'),(2984,100,27,'2018-05-21'),(2675,100,28,'2018-05-09'),(2438,100,31,'2018-05-01'),(2314,100,36,'2018-04-25'),(3229,100,38,'2018-05-29'),(3276,100,38,'2018-05-30'),(2467,100,39,'2018-05-02'),(1678,100,43,'2018-04-03'),(3075,100,44,'2018-05-23'),(2707,100,47,'2018-05-10'),(2833,100,47,'2018-05-15'),(2027,100,48,'2018-04-16'),(2506,100,48,'2018-05-03'),(1747,100,49,'2018-04-05'),(1628,101,1,'2018-04-02'),(2601,101,8,'2018-05-07'),(2151,101,11,'2018-04-19'),(3273,101,11,'2018-05-30'),(2708,101,14,'2018-05-10'),(3156,101,15,'2018-05-25'),(1915,101,16,'2018-04-11'),(2312,101,16,'2018-04-25'),(2199,101,17,'2018-04-20'),(2865,101,17,'2018-05-16'),(1836,101,18,'2018-04-09'),(1749,101,19,'2018-04-05'),(1799,101,19,'2018-04-06'),(3065,101,20,'2018-05-23'),(2262,101,21,'2018-04-24'),(2030,101,22,'2018-04-16'),(2348,101,22,'2018-04-26'),(2784,101,22,'2018-05-14'),(3201,101,24,'2018-05-28'),(2946,101,26,'2018-05-18'),(1676,101,27,'2018-04-03'),(1704,101,27,'2018-04-04'),(3102,101,30,'2018-05-24'),(2673,101,32,'2018-05-09'),(2064,101,33,'2018-04-17'),(2239,101,36,'2018-04-23'),(2902,101,36,'2018-05-17'),(2472,101,37,'2018-05-02'),(2752,101,39,'2018-05-11'),(2107,101,41,'2018-04-18'),(3303,101,42,'2018-05-31'),(1870,101,46,'2018-04-10'),(1998,101,47,'2018-04-13'),(2518,101,47,'2018-05-03'),(1787,102,1,'2018-04-06'),(1745,102,2,'2018-04-05'),(2105,102,4,'2018-04-18'),(2481,102,7,'2018-05-02'),(3147,102,7,'2018-05-25'),(2309,102,10,'2018-04-25'),(2679,102,11,'2018-05-09'),(1712,102,15,'2018-04-04'),(2187,102,19,'2018-04-20'),(2875,102,22,'2018-05-16'),(1917,102,25,'2018-04-11'),(2274,102,26,'2018-04-24'),(1827,102,27,'2018-04-09'),(1959,102,27,'2018-04-12'),(3233,102,29,'2018-05-29'),(2785,102,31,'2018-05-14'),(2357,102,32,'2018-04-26'),(2079,102,35,'2018-04-17'),(2626,102,35,'2018-05-08'),(3196,102,35,'2018-05-28'),(1875,102,36,'2018-04-10'),(3034,102,36,'2018-05-22'),(3106,102,36,'2018-05-24'),(2705,102,39,'2018-05-10'),(3315,102,39,'2018-05-31'),(1641,102,40,'2018-04-02'),(2440,102,44,'2018-05-01'),(3268,102,48,'2018-05-30'),(1680,102,49,'2018-04-03'),(2037,102,49,'2018-04-16'),(2480,103,1,'2018-05-02'),(2751,103,1,'2018-05-11'),(1950,103,2,'2018-04-12'),(2041,103,6,'2018-04-16'),(2191,103,9,'2018-04-20'),(2841,103,11,'2018-05-15'),(2629,103,14,'2018-05-08'),(2395,103,15,'2018-04-27'),(3188,103,16,'2018-05-28'),(1635,103,17,'2018-04-02'),(2229,103,25,'2018-04-23'),(2102,103,27,'2018-04-18'),(1793,103,32,'2018-04-06'),(2706,103,33,'2018-05-10'),(2952,103,33,'2018-05-18'),(1913,103,34,'2018-04-11'),(1828,103,36,'2018-04-09'),(1996,103,36,'2018-04-13'),(1708,103,40,'2018-04-04'),(3160,103,40,'2018-05-25'),(1878,103,43,'2018-04-10'),(2993,103,46,'2018-05-21'),(3110,103,47,'2018-05-24'),(2556,103,49,'2018-05-04'),(2158,103,50,'2018-04-19'),(2028,104,1,'2018-04-16'),(2549,104,4,'2018-05-04'),(2597,104,5,'2018-05-07'),(2201,104,11,'2018-04-20'),(2782,104,14,'2018-05-14'),(2466,104,15,'2018-05-02'),(3116,104,17,'2018-05-24'),(1871,104,19,'2018-04-10'),(1908,104,19,'2018-04-11'),(1667,104,20,'2018-04-03'),(1830,104,20,'2018-04-09'),(3022,104,22,'2018-05-22'),(2308,104,23,'2018-04-25'),(1983,104,24,'2018-04-13'),(2756,104,24,'2018-05-11'),(2985,104,24,'2018-05-21'),(3073,104,24,'2018-05-23'),(2665,104,25,'2018-05-09'),(1627,104,27,'2018-04-02'),(1751,104,27,'2018-04-05'),(1792,104,31,'2018-04-06'),(2146,104,31,'2018-04-19'),(2631,104,32,'2018-05-08'),(2424,104,33,'2018-05-01'),(2703,104,34,'2018-05-10'),(2399,104,36,'2018-04-27'),(3183,104,36,'2018-05-28'),(2280,104,45,'2018-04-24'),(1706,104,47,'2018-04-04'),(2598,105,1,'2018-05-07'),(2667,105,3,'2018-05-09'),(2119,105,5,'2018-04-18'),(2439,105,7,'2018-05-01'),(2318,105,8,'2018-04-25'),(2001,105,11,'2018-04-13'),(1911,105,13,'2018-04-11'),(2876,105,13,'2018-05-16'),(2961,105,13,'2018-05-18'),(3107,105,13,'2018-05-24'),(2824,105,14,'2018-05-15'),(2035,105,15,'2018-04-16'),(1681,105,16,'2018-04-03'),(3186,105,18,'2018-05-28'),(2548,105,26,'2018-05-04'),(2236,105,29,'2018-04-23'),(3152,105,29,'2018-05-25'),(2918,105,30,'2018-05-17'),(1632,105,33,'2018-04-02'),(2798,105,33,'2018-05-14'),(1721,105,34,'2018-04-04'),(3035,105,37,'2018-05-22'),(1864,105,40,'2018-04-10'),(3226,105,40,'2018-05-29'),(2743,105,41,'2018-05-11'),(2265,105,44,'2018-04-24'),(2721,105,48,'2018-05-10'),(2401,105,50,'2018-04-27'),(2670,106,1,'2018-05-09'),(1790,106,2,'2018-04-06'),(2794,106,2,'2018-05-14'),(2396,106,5,'2018-04-27'),(3158,106,5,'2018-05-25'),(2510,106,10,'2018-05-03'),(2359,106,12,'2018-04-26'),(2185,106,15,'2018-04-20'),(3227,106,15,'2018-05-29'),(1640,106,16,'2018-04-02'),(2829,106,18,'2018-05-15'),(2023,106,23,'2018-04-16'),(3263,106,25,'2018-05-30'),(1918,106,30,'2018-04-11'),(1705,106,31,'2018-04-04'),(1862,106,31,'2018-04-10'),(2433,106,35,'2018-05-01'),(1663,106,42,'2018-04-03'),(2704,106,42,'2018-05-10'),(2746,106,45,'2018-05-11'),(2266,106,46,'2018-04-24'),(3111,106,46,'2018-05-24'),(2992,106,48,'2018-05-21'),(2319,106,50,'2018-04-25'),(2625,107,2,'2018-05-08'),(3189,107,2,'2018-05-28'),(2463,107,4,'2018-05-02'),(1825,107,5,'2018-04-09'),(3264,107,10,'2018-05-30'),(2521,107,11,'2018-05-03'),(3143,107,12,'2018-05-25'),(3104,107,16,'2018-05-24'),(2108,107,18,'2018-04-18'),(2788,107,20,'2018-05-14'),(2910,107,20,'2018-05-17'),(2192,107,23,'2018-04-20'),(3311,107,23,'2018-05-31'),(3223,107,27,'2018-05-29'),(2160,107,29,'2018-04-19'),(2305,107,35,'2018-04-25'),(2077,107,37,'2018-04-17'),(2387,107,37,'2018-04-27'),(2546,107,37,'2018-05-04'),(2956,107,37,'2018-05-18'),(2717,107,38,'2018-05-10'),(2997,107,38,'2018-05-21'),(1866,107,41,'2018-04-10'),(3030,107,43,'2018-05-22'),(2431,107,45,'2018-05-01'),(2591,107,45,'2018-05-07'),(1988,107,46,'2018-04-13'),(1639,108,3,'2018-04-02'),(2830,108,3,'2018-05-15'),(1986,108,5,'2018-04-13'),(2303,108,6,'2018-04-25'),(3033,108,6,'2018-05-22'),(2188,108,7,'2018-04-20'),(3230,108,8,'2018-05-29'),(2143,108,13,'2018-04-19'),(2473,108,13,'2018-05-02'),(2702,108,13,'2018-05-10'),(1868,108,14,'2018-04-10'),(3074,108,21,'2018-05-23'),(2560,108,23,'2018-05-04'),(2388,108,24,'2018-04-27'),(2026,108,25,'2018-04-16'),(2991,108,26,'2018-05-21'),(2878,108,27,'2018-05-16'),(3314,108,28,'2018-05-31'),(2593,108,29,'2018-05-07'),(2750,108,29,'2018-05-11'),(2957,108,31,'2018-05-18'),(3121,108,32,'2018-05-24'),(2908,108,33,'2018-05-17'),(2792,108,34,'2018-05-14'),(1711,108,36,'2018-04-04'),(2358,108,38,'2018-04-26'),(3145,108,39,'2018-05-25'),(3184,108,39,'2018-05-28'),(3281,108,40,'2018-05-30'),(2503,108,42,'2018-05-03'),(2231,108,43,'2018-04-23'),(2263,108,43,'2018-04-24'),(2678,108,43,'2018-05-09'),(2638,108,44,'2018-05-08'),(1622,109,7,'2018-04-02'),(1755,109,8,'2018-04-05'),(2354,109,8,'2018-04-26'),(2080,109,9,'2018-04-17'),(2116,109,10,'2018-04-18'),(2275,109,10,'2018-04-24'),(2862,109,11,'2018-05-16'),(2302,109,15,'2018-04-25'),(2519,109,16,'2018-05-03'),(2589,109,17,'2018-05-07'),(1953,109,19,'2018-04-12'),(1801,109,21,'2018-04-06'),(1997,109,21,'2018-04-13'),(2917,109,21,'2018-05-17'),(2950,109,22,'2018-05-18'),(2475,109,25,'2018-05-02'),(2426,109,30,'2018-05-01'),(3182,109,31,'2018-05-28'),(2234,109,32,'2018-04-23'),(2558,109,33,'2018-05-04'),(2200,109,42,'2018-04-20'),(3000,109,43,'2018-05-21'),(3142,109,43,'2018-05-25'),(2838,109,46,'2018-05-15'),(3234,109,50,'2018-05-29'),(1786,110,3,'2018-04-06'),(2276,110,3,'2018-04-24'),(2390,110,6,'2018-04-27'),(3062,110,10,'2018-05-23'),(2671,110,15,'2018-05-09'),(1757,110,16,'2018-04-05'),(2109,110,16,'2018-04-18'),(2074,110,19,'2018-04-17'),(3271,110,20,'2018-05-30'),(2557,110,24,'2018-05-04'),(3308,110,26,'2018-05-31'),(1633,110,28,'2018-04-02'),(2342,110,28,'2018-04-26'),(2801,110,28,'2018-05-14'),(2183,110,29,'2018-04-20'),(2469,110,29,'2018-05-02'),(2913,110,29,'2018-05-17'),(2989,110,37,'2018-05-21'),(3150,110,37,'2018-05-25'),(1942,110,38,'2018-04-12'),(3031,110,38,'2018-05-22'),(2441,110,40,'2018-05-01'),(1822,110,42,'2018-04-09'),(3197,110,43,'2018-05-28'),(3240,110,46,'2018-05-29'),(2311,110,49,'2018-04-25'),(2755,110,49,'2018-05-11'),(3309,111,1,'2018-05-31'),(2758,111,2,'2018-05-11'),(2906,111,4,'2018-05-17'),(1914,111,7,'2018-04-11'),(2349,111,7,'2018-04-26'),(2398,111,7,'2018-04-27'),(2637,111,8,'2018-05-08'),(1668,111,10,'2018-04-03'),(2988,111,10,'2018-05-21'),(3072,111,14,'2018-05-23'),(1829,111,16,'2018-04-09'),(2943,111,16,'2018-05-18'),(3278,111,17,'2018-05-30'),(2585,111,18,'2018-05-07'),(2836,111,19,'2018-05-15'),(2148,111,24,'2018-04-19'),(3239,111,26,'2018-05-29'),(1961,111,28,'2018-04-12'),(3117,111,28,'2018-05-24'),(2065,111,29,'2018-04-17'),(2552,111,32,'2018-05-04'),(1715,111,39,'2018-04-04'),(1865,111,39,'2018-04-10'),(1753,111,40,'2018-04-05'),(1782,111,40,'2018-04-06'),(2465,111,42,'2018-05-02'),(2868,111,44,'2018-05-16'),(3040,111,46,'2018-05-22'),(1630,111,48,'2018-04-02'),(2117,111,48,'2018-04-18'),(2316,111,48,'2018-04-25'),(3155,111,49,'2018-05-25'),(1665,112,3,'2018-04-03'),(1999,112,3,'2018-04-13'),(2227,112,4,'2018-04-23'),(3071,112,4,'2018-05-23'),(1920,112,5,'2018-04-11'),(2512,112,5,'2018-05-03'),(2831,112,5,'2018-05-15'),(2672,112,6,'2018-05-09'),(1824,112,11,'2018-04-09'),(2062,112,11,'2018-04-17'),(2959,112,11,'2018-05-18'),(1719,112,14,'2018-04-04'),(2273,112,17,'2018-04-24'),(1960,112,18,'2018-04-12'),(3185,112,20,'2018-05-28'),(2709,112,23,'2018-05-10'),(2905,112,23,'2018-05-17'),(3036,112,24,'2018-05-22'),(3262,112,26,'2018-05-30'),(1867,112,30,'2018-04-10'),(2474,112,30,'2018-05-02'),(2600,112,30,'2018-05-07'),(2869,112,31,'2018-05-16'),(1794,112,34,'2018-04-06'),(2633,112,34,'2018-05-08'),(3144,112,35,'2018-05-25'),(2040,112,36,'2018-04-16'),(3302,112,47,'2018-05-31'),(3109,112,50,'2018-05-24'),(1910,113,1,'2018-04-11'),(2515,113,2,'2018-05-03'),(2071,113,6,'2018-04-17'),(1702,113,9,'2018-04-04'),(2223,113,11,'2018-04-23'),(2719,113,11,'2018-05-10'),(3319,113,11,'2018-05-31'),(1833,113,12,'2018-04-09'),(1788,113,15,'2018-04-06'),(2269,113,15,'2018-04-24'),(2352,113,16,'2018-04-26'),(2872,113,18,'2018-05-16'),(2478,113,20,'2018-05-02'),(2632,113,20,'2018-05-08'),(1877,113,22,'2018-04-10'),(3105,113,22,'2018-05-24'),(2545,113,25,'2018-05-04'),(2161,113,27,'2018-04-19'),(3269,113,28,'2018-05-30'),(3078,113,30,'2018-05-23'),(2994,113,34,'2018-05-21'),(2800,113,38,'2018-05-14'),(2393,113,40,'2018-04-27'),(1994,113,42,'2018-04-13'),(2587,113,44,'2018-05-07'),(2437,113,46,'2018-05-01'),(2677,113,46,'2018-05-09'),(2194,113,47,'2018-04-20'),(2113,113,50,'2018-04-18'),(3159,114,2,'2018-05-25'),(2760,114,3,'2018-05-11'),(2432,114,4,'2018-05-01'),(2982,114,5,'2018-05-21'),(2462,114,6,'2018-05-02'),(2786,114,6,'2018-05-14'),(2942,114,8,'2018-05-18'),(3272,114,9,'2018-05-30'),(2504,114,12,'2018-05-03'),(2663,114,12,'2018-05-09'),(2103,114,14,'2018-04-18'),(2304,114,17,'2018-04-25'),(2149,114,19,'2018-04-19'),(2195,114,20,'2018-04-20'),(2076,114,23,'2018-04-17'),(2230,114,23,'2018-04-23'),(2594,114,24,'2018-05-07'),(1903,114,26,'2018-04-11'),(1985,114,30,'2018-04-13'),(1947,114,31,'2018-04-12'),(3305,114,32,'2018-05-31'),(1677,114,33,'2018-04-03'),(2383,114,35,'2018-04-27'),(3029,114,35,'2018-05-22'),(3192,114,37,'2018-05-28'),(2267,114,39,'2018-04-24'),(1831,114,43,'2018-04-09'),(1637,114,44,'2018-04-02'),(2912,114,44,'2018-05-17'),(2826,114,48,'2018-05-15'),(1713,114,50,'2018-04-04'),(2193,115,1,'2018-04-20'),(2344,115,4,'2018-04-26'),(3198,115,6,'2018-05-28'),(2835,115,7,'2018-05-15'),(3039,115,9,'2018-05-22'),(3238,115,10,'2018-05-29'),(3001,115,14,'2018-05-21'),(3279,115,15,'2018-05-30'),(2156,115,20,'2018-04-19'),(1748,115,21,'2018-04-05'),(1952,115,21,'2018-04-12'),(2955,115,21,'2018-05-18'),(2075,115,24,'2018-04-17'),(2270,115,25,'2018-04-24'),(2754,115,25,'2018-05-11'),(2877,115,26,'2018-05-16'),(2550,115,27,'2018-05-04'),(2718,115,30,'2018-05-10'),(2031,115,31,'2018-04-16'),(2640,115,33,'2018-05-08'),(2464,115,35,'2018-05-02'),(2516,115,35,'2018-05-03'),(2666,115,38,'2018-05-09'),(1992,115,41,'2018-04-13'),(2222,115,41,'2018-04-23'),(2787,115,45,'2018-05-14'),(1674,115,46,'2018-04-03'),(3070,115,46,'2018-05-23'),(2066,116,1,'2018-04-17'),(2386,116,2,'2018-04-27'),(2592,116,3,'2018-05-07'),(2879,116,7,'2018-05-16'),(2904,116,8,'2018-05-17'),(2710,116,9,'2018-05-10'),(2436,116,11,'2018-05-01'),(1912,116,14,'2018-04-11'),(2996,116,17,'2018-05-21'),(3148,116,19,'2018-05-25'),(1989,116,20,'2018-04-13'),(2034,116,21,'2018-04-16'),(2112,116,22,'2018-04-18'),(3064,116,22,'2018-05-23'),(2189,116,27,'2018-04-20'),(2681,116,27,'2018-05-09'),(2240,116,28,'2018-04-23'),(3027,116,28,'2018-05-22'),(1709,116,29,'2018-04-04'),(2790,116,32,'2018-05-14'),(2271,116,33,'2018-04-24'),(2360,116,35,'2018-04-26'),(2828,116,35,'2018-05-15'),(2152,116,37,'2018-04-19'),(3265,116,37,'2018-05-30'),(3199,116,38,'2018-05-28'),(2470,116,40,'2018-05-02'),(3225,116,41,'2018-05-29'),(1795,116,43,'2018-04-06'),(3304,116,49,'2018-05-31'),(2310,117,5,'2018-04-25'),(2680,117,9,'2018-05-09'),(2907,117,9,'2018-05-17'),(1746,117,11,'2018-04-05'),(2198,117,14,'2018-04-20'),(1629,117,15,'2018-04-02'),(1796,117,16,'2018-04-06'),(2711,117,17,'2018-05-10'),(2999,117,20,'2018-05-21'),(2142,117,21,'2018-04-19'),(2513,117,22,'2018-05-03'),(3195,117,28,'2018-05-28'),(2622,117,29,'2018-05-08'),(1835,117,31,'2018-04-09'),(3320,117,31,'2018-05-31'),(1951,117,32,'2018-04-12'),(2583,117,32,'2018-05-07'),(2745,117,38,'2018-05-11'),(2346,117,39,'2018-04-26'),(1993,117,40,'2018-04-13'),(1863,117,45,'2018-04-10'),(2544,117,47,'2018-05-04'),(1672,117,50,'2018-04-03'),(2832,117,50,'2018-05-15'),(2024,118,2,'2018-04-16'),(2225,118,2,'2018-04-23'),(3228,118,2,'2018-05-29'),(1957,118,4,'2018-04-12'),(2797,118,4,'2018-05-14'),(2639,118,5,'2018-05-08'),(2435,118,8,'2018-05-01'),(1879,118,10,'2018-04-10'),(2070,118,13,'2018-04-17'),(2561,118,14,'2018-05-04'),(2361,118,30,'2018-04-26'),(1720,118,35,'2018-04-04'),(3310,118,35,'2018-05-31'),(2759,118,36,'2018-05-11'),(2514,118,40,'2018-05-03'),(2664,118,40,'2018-05-09'),(1841,118,41,'2018-04-09'),(2866,118,43,'2018-05-16'),(2392,118,44,'2018-04-27'),(2960,118,44,'2018-05-18'),(2110,118,45,'2018-04-18'),(1759,118,46,'2018-04-05'),(1902,118,49,'2018-04-11'),(2837,118,49,'2018-05-15'),(3077,118,49,'2018-05-23'),(1881,119,1,'2018-04-10'),(2471,119,3,'2018-05-02'),(2669,119,4,'2018-05-09'),(2264,119,6,'2018-04-24'),(1954,119,8,'2018-04-12'),(1987,119,10,'2018-04-13'),(2063,119,12,'2018-04-17'),(2428,119,17,'2018-05-01'),(1716,119,18,'2018-04-04'),(2321,119,21,'2018-04-25'),(3038,119,23,'2018-05-22'),(2356,119,26,'2018-04-26'),(2233,119,27,'2018-04-23'),(2586,119,28,'2018-05-07'),(2827,119,28,'2018-05-15'),(2714,119,31,'2018-05-10'),(2914,119,31,'2018-05-17'),(3274,119,33,'2018-05-30'),(1625,119,35,'2018-04-02'),(1758,119,36,'2018-04-05'),(1906,119,36,'2018-04-11'),(1662,119,39,'2018-04-03'),(2025,119,42,'2018-04-16'),(3224,119,42,'2018-05-29'),(3313,119,43,'2018-05-31'),(3149,119,45,'2018-05-25'),(2958,119,48,'2018-05-18'),(2635,119,49,'2018-05-08'),(3312,120,4,'2018-05-31'),(3068,120,7,'2018-05-23'),(1714,120,8,'2018-04-04'),(2389,120,8,'2018-04-27'),(3153,120,8,'2018-05-25'),(2114,120,9,'2018-04-18'),(2947,120,9,'2018-05-18'),(2429,120,10,'2018-05-01'),(2154,120,12,'2018-04-19'),(2919,120,14,'2018-05-17'),(2505,120,15,'2018-05-03'),(2543,120,18,'2018-05-04'),(2668,120,18,'2018-05-09'),(2822,120,26,'2018-05-15'),(2783,120,27,'2018-05-14'),(1797,120,30,'2018-04-06'),(2226,120,31,'2018-04-23'),(1823,120,35,'2018-04-09'),(1958,120,35,'2018-04-12'),(3235,120,35,'2018-05-29'),(2022,120,40,'2018-04-16'),(2874,120,40,'2018-05-16'),(2986,120,40,'2018-05-21'),(2197,120,41,'2018-04-20'),(3191,120,41,'2018-05-28'),(2749,120,48,'2018-05-11'),(2196,121,3,'2018-04-20'),(2237,121,3,'2018-04-23'),(2747,121,10,'2018-05-11'),(2789,121,10,'2018-05-14'),(3194,121,10,'2018-05-28'),(3032,121,16,'2018-05-22'),(1754,121,17,'2018-04-05'),(2078,121,18,'2018-04-17'),(2553,121,19,'2018-05-04'),(3316,121,19,'2018-05-31'),(2159,121,22,'2018-04-19'),(2624,121,28,'2018-05-08'),(2720,121,29,'2018-05-10'),(1666,121,30,'2018-04-03'),(1840,121,30,'2018-04-09'),(1880,121,33,'2018-04-10'),(2511,121,33,'2018-05-03'),(2118,121,34,'2018-04-18'),(2839,121,34,'2018-05-15'),(1909,121,38,'2018-04-11'),(3112,121,38,'2018-05-24'),(2434,121,42,'2018-05-01'),(2584,121,42,'2018-05-07'),(1991,121,45,'2018-04-13'),(2279,121,49,'2018-04-24'),(2921,121,49,'2018-05-17'),(1904,122,4,'2018-04-11'),(3231,122,5,'2018-05-29'),(2351,122,6,'2018-04-26'),(2715,122,6,'2018-05-10'),(1664,122,9,'2018-04-03'),(1837,122,10,'2018-04-09'),(2509,122,13,'2018-05-03'),(2916,122,13,'2018-05-17'),(3161,122,14,'2018-05-25'),(2081,122,15,'2018-04-17'),(1944,122,16,'2018-04-12'),(2995,122,18,'2018-05-21'),(2036,122,19,'2018-04-16'),(2951,122,20,'2018-05-18'),(2599,122,21,'2018-05-07'),(2742,122,23,'2018-05-11'),(3275,122,24,'2018-05-30'),(2867,122,25,'2018-05-16'),(1784,122,26,'2018-04-06'),(2385,122,27,'2018-04-27'),(3067,122,27,'2018-05-23'),(1707,122,28,'2018-04-04'),(2307,122,31,'2018-04-25'),(2796,122,35,'2018-05-14'),(2422,122,36,'2018-05-01'),(1750,122,39,'2018-04-05'),(2104,122,40,'2018-04-18'),(2147,122,44,'2018-04-19'),(3024,122,45,'2018-05-22'),(2559,123,1,'2018-05-04'),(2029,123,3,'2018-04-16'),(1744,123,4,'2018-04-05'),(2998,123,4,'2018-05-21'),(3317,123,6,'2018-05-31'),(1826,123,7,'2018-04-09'),(2232,123,7,'2018-04-23'),(3108,123,8,'2018-05-24'),(1921,123,10,'2018-04-11'),(1955,123,10,'2018-04-12'),(1873,123,12,'2018-04-10'),(3079,123,13,'2018-05-23'),(2400,123,18,'2018-04-27'),(2479,123,18,'2018-05-02'),(3232,123,18,'2018-05-29'),(1636,123,19,'2018-04-02'),(2627,123,19,'2018-05-08'),(2744,123,20,'2018-05-11'),(2278,123,23,'2018-04-24'),(2517,123,25,'2018-05-03'),(1671,123,28,'2018-04-03'),(2072,123,28,'2018-04-17'),(2423,123,28,'2018-05-01'),(2716,123,32,'2018-05-10'),(2873,123,34,'2018-05-16'),(2903,123,35,'2018-05-17'),(2121,123,39,'2018-04-18'),(2190,123,40,'2018-04-20'),(2825,123,40,'2018-05-15'),(2350,123,42,'2018-04-26'),(2320,123,43,'2018-04-25'),(2799,123,43,'2018-05-14'),(1783,123,44,'2018-04-06'),(2590,123,50,'2018-05-07'),(3277,123,50,'2018-05-30'),(1839,124,1,'2018-04-09'),(2791,124,1,'2018-05-14'),(2353,124,3,'2018-04-26'),(3120,124,3,'2018-05-24'),(2235,124,5,'2018-04-23'),(1949,124,6,'2018-04-12'),(2554,124,8,'2018-05-04'),(3025,124,8,'2018-05-22'),(2623,124,9,'2018-05-08'),(1905,124,11,'2018-04-11'),(3066,124,11,'2018-05-23'),(1785,124,12,'2018-04-06'),(2520,124,14,'2018-05-03'),(3236,124,19,'2018-05-29'),(1710,124,21,'2018-04-04'),(1623,124,22,'2018-04-02'),(2476,124,23,'2018-05-02'),(2662,124,26,'2018-05-09'),(2712,124,28,'2018-05-10'),(2761,124,30,'2018-05-11'),(2394,124,32,'2018-04-27'),(1742,124,35,'2018-04-05'),(2306,124,41,'2018-04-25'),(2184,124,43,'2018-04-20'),(2954,124,43,'2018-05-18'),(2911,124,46,'2018-05-17'),(1872,124,47,'2018-04-10'),(2588,124,47,'2018-05-07'),(2990,124,47,'2018-05-21'),(1673,124,48,'2018-04-03'),(3190,124,49,'2018-05-28'),(2144,125,3,'2018-04-19'),(2795,125,3,'2018-05-14'),(3280,125,4,'2018-05-30'),(1798,125,5,'2018-04-06'),(3028,125,5,'2018-05-22'),(2757,125,7,'2018-05-11'),(3222,125,7,'2018-05-29'),(1876,125,8,'2018-04-10'),(2068,125,8,'2018-04-17'),(2823,125,12,'2018-05-15'),(3306,125,12,'2018-05-31'),(1679,125,13,'2018-04-03'),(1948,125,15,'2018-04-12'),(1624,125,18,'2018-04-02'),(3081,125,18,'2018-05-23'),(1761,125,20,'2018-04-05'),(1832,125,22,'2018-04-09'),(3200,125,22,'2018-05-28'),(3103,125,23,'2018-05-24'),(2038,125,26,'2018-04-16'),(2186,125,28,'2018-04-20'),(2507,125,32,'2018-05-03'),(2000,125,34,'2018-04-13'),(2871,125,37,'2018-05-16'),(2542,125,39,'2018-05-04'),(2317,125,42,'2018-04-25'),(2397,125,42,'2018-04-27'),(2953,125,42,'2018-05-18'),(2641,125,43,'2018-05-08'),(2427,125,50,'2018-05-01'),(2864,126,1,'2018-05-16'),(2153,126,6,'2018-04-19'),(2115,126,8,'2018-04-18'),(2382,126,9,'2018-04-27'),(2268,126,12,'2018-04-24'),(2039,126,14,'2018-04-16'),(3115,126,15,'2018-05-24'),(2551,126,22,'2018-05-04'),(1834,126,23,'2018-04-09'),(2634,126,24,'2018-05-08'),(2949,126,24,'2018-05-18'),(1675,126,25,'2018-04-03'),(2713,126,25,'2018-05-10'),(2920,126,25,'2018-05-17'),(1990,126,26,'2018-04-13'),(1789,126,28,'2018-04-06'),(2313,126,28,'2018-04-25'),(1756,126,29,'2018-04-05'),(3023,126,31,'2018-05-22'),(3270,126,31,'2018-05-30'),(2343,126,34,'2018-04-26'),(3080,126,34,'2018-05-23'),(2241,126,38,'2018-04-23'),(2430,126,38,'2018-05-01'),(2477,126,38,'2018-05-02'),(3193,126,40,'2018-05-28'),(1638,126,41,'2018-04-02'),(1916,126,42,'2018-04-11'),(3157,126,42,'2018-05-25'),(1956,126,47,'2018-04-12'),(3241,126,48,'2018-05-29'),(1869,126,50,'2018-04-10'),(2106,127,1,'2018-04-18'),(2315,127,4,'2018-04-25'),(2155,127,5,'2018-04-19'),(2987,127,6,'2018-05-21'),(2834,127,8,'2018-05-15'),(2547,127,9,'2018-05-04'),(1631,127,12,'2018-04-02'),(1703,127,12,'2018-04-04'),(3118,127,14,'2018-05-24'),(3321,127,14,'2018-05-31'),(2636,127,16,'2018-05-08'),(3267,127,19,'2018-05-30'),(1907,127,24,'2018-04-11'),(2032,127,24,'2018-04-16'),(2067,127,25,'2018-04-17'),(3151,127,26,'2018-05-25'),(2272,127,30,'2018-04-24'),(3069,127,31,'2018-05-23'),(2384,127,34,'2018-04-27'),(2753,127,35,'2018-05-11'),(2870,127,36,'2018-05-16'),(2345,127,37,'2018-04-26'),(1946,127,40,'2018-04-12'),(2793,127,40,'2018-05-14'),(2502,127,44,'2018-05-03'),(1752,127,47,'2018-04-05'),(2238,127,47,'2018-04-23'),(1791,127,50,'2018-04-06'),(3037,127,50,'2018-05-22'),(3113,128,1,'2018-05-24'),(3041,128,4,'2018-05-22'),(1984,128,8,'2018-04-13'),(2880,128,10,'2018-05-16'),(1943,128,13,'2018-04-12'),(2840,128,16,'2018-05-15'),(3063,128,16,'2018-05-23'),(1838,128,17,'2018-04-09'),(3266,128,22,'2018-05-30'),(3307,128,25,'2018-05-31'),(1670,128,26,'2018-04-03'),(2596,128,31,'2018-05-07'),(2150,128,32,'2018-04-19'),(1919,128,33,'2018-04-11'),(2468,128,33,'2018-05-02'),(2915,128,34,'2018-05-17'),(2674,128,39,'2018-05-09'),(2277,128,40,'2018-04-24'),(2628,128,40,'2018-05-08'),(1743,128,41,'2018-04-05'),(2983,128,42,'2018-05-21'),(2111,128,43,'2018-04-18'),(2508,128,45,'2018-05-03'),(2069,128,48,'2018-04-17'),(2944,128,49,'2018-05-18'),(3237,129,1,'2018-05-29'),(2425,129,3,'2018-05-01'),(2033,129,4,'2018-04-16'),(1718,129,5,'2018-04-04'),(2157,129,10,'2018-04-19'),(1669,129,14,'2018-04-03'),(2948,129,15,'2018-05-18'),(2120,129,17,'2018-04-18'),(3076,129,17,'2018-05-23'),(3026,129,19,'2018-05-22'),(3114,129,19,'2018-05-24'),(2073,129,20,'2018-04-17'),(1982,129,27,'2018-04-13'),(2909,129,27,'2018-05-17'),(1760,129,31,'2018-04-05'),(3146,129,34,'2018-05-25'),(2582,129,40,'2018-05-07'),(1800,129,45,'2018-04-06'),(2391,129,46,'2018-04-27'),(2881,129,46,'2018-05-16'),(2347,129,48,'2018-04-26'),(1626,129,49,'2018-04-02'),(1945,129,49,'2018-04-12'),(2224,129,49,'2018-04-23'),(2676,129,49,'2018-05-09'),(2182,129,50,'2018-04-20'),(2882,200,1,'2018-05-17'),(2842,200,3,'2018-05-16'),(1842,200,4,'2018-04-10'),(1722,200,7,'2018-04-05'),(2202,200,8,'2018-04-23'),(2362,200,11,'2018-04-27'),(3002,200,11,'2018-05-22'),(2962,200,12,'2018-05-21'),(2082,200,13,'2018-04-18'),(2242,200,14,'2018-04-24'),(2442,200,17,'2018-05-02'),(1642,200,21,'2018-04-03'),(3282,200,22,'2018-05-31'),(2762,200,23,'2018-05-14'),(2282,200,25,'2018-04-25'),(2482,200,26,'2018-05-03'),(2562,200,26,'2018-05-07'),(3162,200,26,'2018-05-28'),(2642,200,30,'2018-05-09'),(3082,200,31,'2018-05-24'),(1762,200,33,'2018-04-06'),(2122,200,34,'2018-04-19'),(1962,200,35,'2018-04-13'),(3042,200,36,'2018-05-23'),(3202,200,36,'2018-05-29'),(1922,200,37,'2018-04-12'),(2002,200,37,'2018-04-16'),(2722,200,37,'2018-05-11'),(1602,200,39,'2018-04-02'),(2402,200,39,'2018-05-01'),(2522,200,41,'2018-05-04'),(2802,200,41,'2018-05-15'),(2922,200,41,'2018-05-18'),(2322,200,43,'2018-04-26'),(2162,200,44,'2018-04-20'),(3122,200,44,'2018-05-25'),(1882,200,46,'2018-04-11'),(2042,200,46,'2018-04-17'),(1682,200,48,'2018-04-04'),(1802,200,49,'2018-04-09'),(3242,200,49,'2018-05-30'),(2602,200,50,'2018-05-08'),(2682,200,50,'2018-05-10'),(2243,201,2,'2018-04-24'),(3283,201,5,'2018-05-31'),(3203,201,6,'2018-05-29'),(2803,201,9,'2018-05-15'),(3123,201,9,'2018-05-25'),(2283,201,12,'2018-04-25'),(2843,201,12,'2018-05-16'),(2363,201,14,'2018-04-27'),(1803,201,15,'2018-04-09'),(1723,201,18,'2018-04-05'),(2083,201,20,'2018-04-18'),(3083,201,20,'2018-05-24'),(3163,201,21,'2018-05-28'),(1763,201,23,'2018-04-06'),(2923,201,23,'2018-05-18'),(3043,201,23,'2018-05-23'),(1843,201,25,'2018-04-10'),(2123,201,25,'2018-04-19'),(2763,201,25,'2018-05-14'),(2963,201,28,'2018-05-21'),(1603,201,29,'2018-04-02'),(3243,201,30,'2018-05-30'),(2523,201,31,'2018-05-04'),(1683,201,32,'2018-04-04'),(2883,201,32,'2018-05-17'),(2323,201,33,'2018-04-26'),(2723,201,34,'2018-05-11'),(2683,201,35,'2018-05-10'),(1643,201,36,'2018-04-03'),(1963,201,37,'2018-04-13'),(2643,201,37,'2018-05-09'),(2163,201,38,'2018-04-20'),(2563,201,41,'2018-05-07'),(2443,201,43,'2018-05-02'),(2043,201,44,'2018-04-17'),(2203,201,44,'2018-04-23'),(2603,201,47,'2018-05-08'),(1923,201,48,'2018-04-12'),(2403,201,48,'2018-05-01'),(3003,201,48,'2018-05-22'),(1883,201,50,'2018-04-11'),(2003,201,50,'2018-04-16'),(2483,201,50,'2018-05-03'),(2284,202,2,'2018-04-25'),(2644,202,2,'2018-05-09'),(1964,202,7,'2018-04-13'),(3244,202,8,'2018-05-30'),(1604,202,9,'2018-04-02'),(2004,202,9,'2018-04-16'),(2444,202,10,'2018-05-02'),(2924,202,12,'2018-05-18'),(3164,202,12,'2018-05-28'),(2724,202,13,'2018-05-11'),(2524,202,15,'2018-05-04'),(3004,202,15,'2018-05-22'),(2364,202,16,'2018-04-27'),(1924,202,17,'2018-04-12'),(2884,202,18,'2018-05-17'),(2844,202,19,'2018-05-16'),(2204,202,20,'2018-04-23'),(2324,202,20,'2018-04-26'),(3124,202,22,'2018-05-25'),(1684,202,23,'2018-04-04'),(1724,202,23,'2018-04-05'),(2404,202,23,'2018-05-01'),(2604,202,23,'2018-05-08'),(1644,202,24,'2018-04-03'),(1844,202,26,'2018-04-10'),(1804,202,28,'2018-04-09'),(3204,202,28,'2018-05-29'),(2084,202,29,'2018-04-18'),(2244,202,29,'2018-04-24'),(2164,202,32,'2018-04-20'),(2964,202,32,'2018-05-21'),(2564,202,35,'2018-05-07'),(2484,202,38,'2018-05-03'),(2804,202,38,'2018-05-15'),(3284,202,40,'2018-05-31'),(3044,202,41,'2018-05-23'),(2044,202,42,'2018-04-17'),(2124,202,42,'2018-04-19'),(1884,202,43,'2018-04-11'),(2764,202,44,'2018-05-14'),(3084,202,45,'2018-05-24'),(1764,202,49,'2018-04-06'),(2684,202,49,'2018-05-10'),(2445,203,2,'2018-05-02'),(2685,203,2,'2018-05-10'),(1725,203,3,'2018-04-05'),(2965,203,3,'2018-05-21'),(2405,203,5,'2018-05-01'),(2165,203,6,'2018-04-20'),(1925,203,7,'2018-04-12'),(2525,203,7,'2018-05-04'),(2645,203,7,'2018-05-09'),(3245,203,7,'2018-05-30'),(2285,203,9,'2018-04-25'),(2765,203,9,'2018-05-14'),(2565,203,10,'2018-05-07'),(2245,203,11,'2018-04-24'),(2725,203,11,'2018-05-11'),(1685,203,13,'2018-04-04'),(1965,203,13,'2018-04-13'),(2365,203,13,'2018-04-27'),(2205,203,15,'2018-04-23'),(2005,203,18,'2018-04-16'),(3085,203,18,'2018-05-24'),(1605,203,20,'2018-04-02'),(3005,203,21,'2018-05-22'),(2805,203,23,'2018-05-15'),(2325,203,25,'2018-04-26'),(3205,203,25,'2018-05-29'),(1885,203,29,'2018-04-11'),(2085,203,30,'2018-04-18'),(2485,203,30,'2018-05-03'),(3165,203,33,'2018-05-28'),(1845,203,37,'2018-04-10'),(2045,203,38,'2018-04-17'),(2125,203,38,'2018-04-19'),(2925,203,38,'2018-05-18'),(1645,203,41,'2018-04-03'),(2605,203,41,'2018-05-08'),(2845,203,41,'2018-05-16'),(3125,203,47,'2018-05-25'),(1765,203,48,'2018-04-06'),(2885,203,48,'2018-05-17'),(3285,203,48,'2018-05-31'),(1805,203,50,'2018-04-09'),(3045,203,50,'2018-05-23'),(1806,204,2,'2018-04-09'),(3006,204,3,'2018-05-22'),(2046,204,5,'2018-04-17'),(1646,204,7,'2018-04-03'),(2006,204,7,'2018-04-16'),(2286,204,7,'2018-04-25'),(2486,204,7,'2018-05-03'),(2966,204,8,'2018-05-21'),(2566,204,9,'2018-05-07'),(2686,204,12,'2018-05-10'),(3046,204,12,'2018-05-23'),(1926,204,14,'2018-04-12'),(2206,204,14,'2018-04-23'),(2646,204,14,'2018-05-09'),(1966,204,16,'2018-04-13'),(2606,204,17,'2018-05-08'),(3206,204,17,'2018-05-29'),(2326,204,21,'2018-04-26'),(3126,204,21,'2018-05-25'),(2406,204,22,'2018-05-01'),(1726,204,24,'2018-04-05'),(3286,204,24,'2018-05-31'),(3166,204,25,'2018-05-28'),(1846,204,29,'2018-04-10'),(2846,204,29,'2018-05-16'),(3086,204,29,'2018-05-24'),(3246,204,29,'2018-05-30'),(2366,204,30,'2018-04-27'),(2086,204,31,'2018-04-18'),(2806,204,31,'2018-05-15'),(1686,204,33,'2018-04-04'),(2726,204,33,'2018-05-11'),(1766,204,35,'2018-04-06'),(1886,204,35,'2018-04-11'),(2246,204,35,'2018-04-24'),(2166,204,39,'2018-04-20'),(2926,204,39,'2018-05-18'),(2886,204,40,'2018-05-17'),(2526,204,42,'2018-05-04'),(2126,204,46,'2018-04-19'),(2446,204,46,'2018-05-02'),(1606,204,47,'2018-04-02'),(2766,204,49,'2018-05-14'),(2807,205,2,'2018-05-15'),(2087,205,7,'2018-04-18'),(2567,205,7,'2018-05-07'),(2887,205,7,'2018-05-17'),(2727,205,9,'2018-05-11'),(1727,205,10,'2018-04-05'),(2047,205,10,'2018-04-17'),(2687,205,10,'2018-05-10'),(3127,205,10,'2018-05-25'),(1967,205,12,'2018-04-13'),(3167,205,13,'2018-05-28'),(2927,205,14,'2018-05-18'),(3207,205,16,'2018-05-29'),(1647,205,19,'2018-04-03'),(2407,205,19,'2018-05-01'),(1887,205,22,'2018-04-11'),(1607,205,23,'2018-04-02'),(3087,205,24,'2018-05-24'),(1687,205,25,'2018-04-04'),(3047,205,26,'2018-05-23'),(3007,205,27,'2018-05-22'),(2367,205,28,'2018-04-27'),(2127,205,30,'2018-04-19'),(2207,205,30,'2018-04-23'),(2327,205,31,'2018-04-26'),(2487,205,31,'2018-05-03'),(2007,205,32,'2018-04-16'),(2167,205,35,'2018-04-20'),(2647,205,35,'2018-05-09'),(2287,205,37,'2018-04-25'),(3287,205,38,'2018-05-31'),(1767,205,42,'2018-04-06'),(1847,205,44,'2018-04-10'),(1927,205,44,'2018-04-12'),(2447,205,44,'2018-05-02'),(3247,205,44,'2018-05-30'),(2967,205,45,'2018-05-21'),(2607,205,46,'2018-05-08'),(2847,205,47,'2018-05-16'),(1807,205,48,'2018-04-09'),(2247,205,50,'2018-04-24'),(2527,205,50,'2018-05-04'),(2767,205,50,'2018-05-14'),(1728,206,1,'2018-04-05'),(2888,206,2,'2018-05-17'),(3048,206,2,'2018-05-23'),(1928,206,3,'2018-04-12'),(3248,206,3,'2018-05-30'),(1648,206,4,'2018-04-03'),(3168,206,4,'2018-05-28'),(2768,206,7,'2018-05-14'),(2008,206,8,'2018-04-16'),(2128,206,8,'2018-04-19'),(2848,206,8,'2018-05-16'),(1768,206,9,'2018-04-06'),(1888,206,9,'2018-04-11'),(2168,206,13,'2018-04-20'),(2608,206,13,'2018-05-08'),(2048,206,17,'2018-04-17'),(2208,206,17,'2018-04-23'),(1688,206,20,'2018-04-04'),(2568,206,20,'2018-05-07'),(3288,206,20,'2018-05-31'),(3088,206,21,'2018-05-24'),(3208,206,22,'2018-05-29'),(2688,206,26,'2018-05-10'),(3128,206,28,'2018-05-25'),(2808,206,29,'2018-05-15'),(1608,206,31,'2018-04-02'),(2408,206,32,'2018-05-01'),(2968,206,33,'2018-05-21'),(2488,206,34,'2018-05-03'),(2928,206,36,'2018-05-18'),(2248,206,37,'2018-04-24'),(2088,206,38,'2018-04-18'),(2528,206,38,'2018-05-04'),(1968,206,39,'2018-04-13'),(3008,206,41,'2018-05-22'),(1848,206,42,'2018-04-10'),(2728,206,42,'2018-05-11'),(1808,206,44,'2018-04-09'),(2648,206,44,'2018-05-09'),(2328,206,45,'2018-04-26'),(2288,206,47,'2018-04-25'),(2448,206,48,'2018-05-02'),(2368,206,49,'2018-04-27'),(2289,207,1,'2018-04-25'),(2929,207,1,'2018-05-18'),(3169,207,1,'2018-05-28'),(2489,207,3,'2018-05-03'),(3129,207,4,'2018-05-25'),(2529,207,5,'2018-05-04'),(2649,207,5,'2018-05-09'),(2849,207,5,'2018-05-16'),(1689,207,11,'2018-04-04'),(3249,207,12,'2018-05-30'),(2009,207,13,'2018-04-16'),(2209,207,13,'2018-04-23'),(1809,207,14,'2018-04-09'),(1969,207,14,'2018-04-13'),(2809,207,17,'2018-05-15'),(2729,207,18,'2018-05-11'),(3049,207,19,'2018-05-23'),(1889,207,20,'2018-04-11'),(1729,207,22,'2018-04-05'),(2369,207,23,'2018-04-27'),(2449,207,24,'2018-05-02'),(2689,207,24,'2018-05-10'),(1929,207,25,'2018-04-12'),(2569,207,25,'2018-05-07'),(2769,207,26,'2018-05-14'),(2609,207,30,'2018-05-08'),(1849,207,32,'2018-04-10'),(3009,207,32,'2018-05-22'),(2049,207,34,'2018-04-17'),(2089,207,35,'2018-04-18'),(2329,207,36,'2018-04-26'),(2969,207,39,'2018-05-21'),(3089,207,39,'2018-05-24'),(2889,207,41,'2018-05-17'),(2129,207,43,'2018-04-19'),(2409,207,43,'2018-05-01'),(1649,207,45,'2018-04-03'),(3209,207,45,'2018-05-29'),(1609,207,46,'2018-04-02'),(2169,207,46,'2018-04-20'),(1769,207,47,'2018-04-06'),(2249,207,47,'2018-04-24'),(3289,207,50,'2018-05-31'),(1650,208,2,'2018-04-03'),(3250,208,2,'2018-05-30'),(2290,208,3,'2018-04-25'),(2610,208,3,'2018-05-08'),(1770,208,4,'2018-04-06'),(1850,208,6,'2018-04-10'),(2770,208,8,'2018-05-14'),(3290,208,8,'2018-05-31'),(2330,208,9,'2018-04-26'),(2810,208,10,'2018-05-15'),(2210,208,12,'2018-04-23'),(2570,208,12,'2018-05-07'),(3090,208,12,'2018-05-24'),(3010,208,13,'2018-05-22'),(1610,208,14,'2018-04-02'),(2410,208,14,'2018-05-01'),(2130,208,15,'2018-04-19'),(2730,208,17,'2018-05-11'),(2170,208,18,'2018-04-20'),(1970,208,19,'2018-04-13'),(2690,208,20,'2018-05-10'),(2850,208,20,'2018-05-16'),(1930,208,23,'2018-04-12'),(2090,208,24,'2018-04-18'),(2650,208,24,'2018-05-09'),(1810,208,25,'2018-04-09'),(2010,208,28,'2018-04-16'),(2930,208,29,'2018-05-18'),(2490,208,36,'2018-05-03'),(3210,208,37,'2018-05-29'),(2250,208,38,'2018-04-24'),(2370,208,38,'2018-04-27'),(2890,208,38,'2018-05-17'),(3130,208,41,'2018-05-25'),(3050,208,42,'2018-05-23'),(1690,208,43,'2018-04-04'),(1730,208,44,'2018-04-05'),(1890,208,44,'2018-04-11'),(2450,208,45,'2018-05-02'),(2530,208,45,'2018-05-04'),(3170,208,47,'2018-05-28'),(2050,208,49,'2018-04-17'),(2970,208,50,'2018-05-21'),(1971,209,4,'2018-04-13'),(2051,209,4,'2018-04-17'),(2931,209,5,'2018-05-18'),(1611,209,6,'2018-04-02'),(1651,209,6,'2018-04-03'),(3011,209,7,'2018-05-22'),(2171,209,8,'2018-04-20'),(1811,209,9,'2018-04-09'),(2411,209,9,'2018-05-01'),(1691,209,10,'2018-04-04'),(2531,209,11,'2018-05-04'),(2771,209,12,'2018-05-14'),(1891,209,15,'2018-04-11'),(2331,209,15,'2018-04-26'),(2691,209,15,'2018-05-10'),(2811,209,15,'2018-05-15'),(2011,209,16,'2018-04-16'),(2131,209,16,'2018-04-19'),(3291,209,16,'2018-05-31'),(2251,209,20,'2018-04-24'),(2091,209,21,'2018-04-18'),(1771,209,22,'2018-04-06'),(2451,209,22,'2018-05-02'),(2891,209,22,'2018-05-17'),(3251,209,23,'2018-05-30'),(1851,209,24,'2018-04-10'),(3211,209,24,'2018-05-29'),(2291,209,27,'2018-04-25'),(2651,209,29,'2018-05-09'),(3171,209,29,'2018-05-28'),(2731,209,32,'2018-05-11'),(2211,209,34,'2018-04-23'),(2491,209,37,'2018-05-03'),(2571,209,38,'2018-05-07'),(1931,209,39,'2018-04-12'),(2611,209,39,'2018-05-08'),(2971,209,44,'2018-05-21'),(3091,209,44,'2018-05-24'),(2371,209,45,'2018-04-27'),(2851,209,45,'2018-05-16'),(3131,209,46,'2018-05-25'),(3051,209,47,'2018-05-23'),(1731,209,48,'2018-04-05'),(1692,210,1,'2018-04-04'),(2492,210,1,'2018-05-03'),(3012,210,1,'2018-05-22'),(2412,210,2,'2018-05-01'),(1812,210,3,'2018-04-09'),(2812,210,4,'2018-05-15'),(3292,210,7,'2018-05-31'),(2172,210,10,'2018-04-20'),(2612,210,11,'2018-05-08'),(2732,210,15,'2018-05-11'),(2772,210,16,'2018-05-14'),(2372,210,17,'2018-04-27'),(1652,210,18,'2018-04-03'),(2332,210,18,'2018-04-26'),(2252,210,19,'2018-04-24'),(2692,210,19,'2018-05-10'),(2652,210,21,'2018-05-09'),(2572,210,22,'2018-05-07'),(1892,210,23,'2018-04-11'),(2852,210,23,'2018-05-16'),(1732,210,26,'2018-04-05'),(2892,210,26,'2018-05-17'),(1772,210,27,'2018-04-06'),(2012,210,29,'2018-04-16'),(2532,210,30,'2018-05-04'),(2972,210,30,'2018-05-21'),(2452,210,31,'2018-05-02'),(1972,210,32,'2018-04-13'),(3132,210,32,'2018-05-25'),(3172,210,32,'2018-05-28'),(2132,210,33,'2018-04-19'),(2932,210,34,'2018-05-18'),(3212,210,34,'2018-05-29'),(3252,210,34,'2018-05-30'),(1612,210,37,'2018-04-02'),(1852,210,38,'2018-04-10'),(2292,210,40,'2018-04-25'),(3092,210,40,'2018-05-24'),(1932,210,42,'2018-04-12'),(2052,210,45,'2018-04-17'),(2212,210,45,'2018-04-23'),(2092,210,47,'2018-04-18'),(3052,210,48,'2018-05-23'),(3133,211,1,'2018-05-25'),(2853,211,2,'2018-05-16'),(2493,211,6,'2018-05-03'),(3253,211,6,'2018-05-30'),(2613,211,7,'2018-05-08'),(1653,211,8,'2018-04-03'),(1773,211,8,'2018-04-06'),(2253,211,8,'2018-04-24'),(2333,211,13,'2018-04-26'),(2573,211,13,'2018-05-07'),(2653,211,16,'2018-05-09'),(2893,211,17,'2018-05-17'),(2933,211,17,'2018-05-18'),(3013,211,17,'2018-05-22'),(2293,211,20,'2018-04-25'),(2213,211,21,'2018-04-23'),(2373,211,21,'2018-04-27'),(3213,211,21,'2018-05-29'),(3173,211,23,'2018-05-28'),(1813,211,26,'2018-04-09'),(2013,211,27,'2018-04-16'),(2533,211,28,'2018-05-04'),(1933,211,29,'2018-04-12'),(2973,211,29,'2018-05-21'),(3293,211,29,'2018-05-31'),(2173,211,30,'2018-04-20'),(1613,211,32,'2018-04-02'),(2093,211,32,'2018-04-18'),(1733,211,33,'2018-04-05'),(1973,211,33,'2018-04-13'),(2413,211,34,'2018-05-01'),(1693,211,37,'2018-04-04'),(2773,211,39,'2018-05-14'),(2813,211,39,'2018-05-15'),(1893,211,40,'2018-04-11'),(2733,211,40,'2018-05-11'),(3053,211,43,'2018-05-23'),(2693,211,45,'2018-05-10'),(2053,211,47,'2018-04-17'),(2133,211,47,'2018-04-19'),(3093,211,48,'2018-05-24'),(1853,211,49,'2018-04-10'),(2453,211,50,'2018-05-02'),(2534,212,2,'2018-05-04'),(1694,212,3,'2018-04-04'),(3054,212,3,'2018-05-23'),(1894,212,6,'2018-04-11'),(2814,212,6,'2018-05-15'),(3094,212,7,'2018-05-24'),(2254,212,9,'2018-04-24'),(2374,212,10,'2018-04-27'),(2294,212,11,'2018-04-25'),(2734,212,14,'2018-05-11'),(3294,212,15,'2018-05-31'),(3134,212,16,'2018-05-25'),(2134,212,18,'2018-04-19'),(2214,212,19,'2018-04-23'),(2414,212,25,'2018-05-01'),(2454,212,26,'2018-05-02'),(3254,212,27,'2018-05-30'),(2934,212,28,'2018-05-18'),(1814,212,29,'2018-04-09'),(1934,212,30,'2018-04-12'),(2174,212,31,'2018-04-20'),(1734,212,32,'2018-04-05'),(2094,212,33,'2018-04-18'),(2574,212,33,'2018-05-07'),(3214,212,33,'2018-05-29'),(1654,212,35,'2018-04-03'),(2974,212,35,'2018-05-21'),(1614,212,36,'2018-04-02'),(1774,212,41,'2018-04-06'),(2494,212,41,'2018-05-03'),(2614,212,42,'2018-05-08'),(2894,212,42,'2018-05-17'),(1974,212,43,'2018-04-13'),(2694,212,43,'2018-05-10'),(3174,212,44,'2018-05-28'),(2014,212,46,'2018-04-16'),(1854,212,48,'2018-04-10'),(2654,212,48,'2018-05-09'),(2774,212,48,'2018-05-14'),(2854,212,48,'2018-05-16'),(3014,212,49,'2018-05-22'),(2054,212,50,'2018-04-17'),(2334,212,50,'2018-04-26'),(1935,213,1,'2018-04-12'),(2935,213,4,'2018-05-18'),(3095,213,5,'2018-05-24'),(2095,213,6,'2018-04-18'),(1855,213,7,'2018-04-10'),(3175,213,7,'2018-05-28'),(2735,213,8,'2018-05-11'),(1975,213,9,'2018-04-13'),(1655,213,11,'2018-04-03'),(2015,213,12,'2018-04-16'),(2895,213,12,'2018-05-17'),(2775,213,13,'2018-05-14'),(3135,213,13,'2018-05-25'),(3015,213,14,'2018-05-22'),(1895,213,17,'2018-04-11'),(2215,213,18,'2018-04-23'),(2375,213,20,'2018-04-27'),(2455,213,21,'2018-05-02'),(2295,213,22,'2018-04-25'),(2815,213,22,'2018-05-15'),(2415,213,24,'2018-05-01'),(2855,213,24,'2018-05-16'),(2975,213,25,'2018-05-21'),(2695,213,27,'2018-05-10'),(3295,213,27,'2018-05-31'),(2495,213,28,'2018-05-03'),(2055,213,30,'2018-04-17'),(3255,213,32,'2018-05-30'),(2655,213,33,'2018-05-09'),(2255,213,34,'2018-04-24'),(2575,213,36,'2018-05-07'),(1815,213,37,'2018-04-09'),(1775,213,39,'2018-04-06'),(1735,213,42,'2018-04-05'),(1615,213,43,'2018-04-02'),(2535,213,43,'2018-05-04'),(2135,213,45,'2018-04-19'),(2175,213,45,'2018-04-20'),(2615,213,45,'2018-05-08'),(3055,213,45,'2018-05-23'),(1695,213,46,'2018-04-04'),(2335,213,47,'2018-04-26'),(3215,213,49,'2018-05-29'),(3176,214,3,'2018-05-28'),(2456,214,5,'2018-05-02'),(1936,214,11,'2018-04-12'),(1736,214,14,'2018-04-05'),(3256,214,14,'2018-05-30'),(2896,214,15,'2018-05-17'),(2976,214,15,'2018-05-21'),(1696,214,17,'2018-04-04'),(2336,214,17,'2018-04-26'),(1896,214,18,'2018-04-11'),(2656,214,19,'2018-05-09'),(2496,214,20,'2018-05-03'),(2616,214,21,'2018-05-08'),(1856,214,23,'2018-04-10'),(2776,214,24,'2018-05-14'),(2376,214,26,'2018-04-27'),(3096,214,27,'2018-05-24'),(2136,214,28,'2018-04-19'),(1976,214,31,'2018-04-13'),(2296,214,32,'2018-04-25'),(2816,214,33,'2018-05-15'),(1816,214,34,'2018-04-09'),(2856,214,35,'2018-05-16'),(3056,214,35,'2018-05-23'),(2096,214,36,'2018-04-18'),(1616,214,38,'2018-04-02'),(1776,214,38,'2018-04-06'),(1656,214,40,'2018-04-03'),(3016,214,42,'2018-05-22'),(2016,214,43,'2018-04-16'),(2056,214,43,'2018-04-17'),(2576,214,43,'2018-05-07'),(2536,214,44,'2018-05-04'),(2696,214,44,'2018-05-10'),(3216,214,44,'2018-05-29'),(2736,214,46,'2018-05-11'),(2936,214,46,'2018-05-18'),(3296,214,46,'2018-05-31'),(2416,214,47,'2018-05-01'),(2176,214,48,'2018-04-20'),(2216,214,48,'2018-04-23'),(2256,214,48,'2018-04-24'),(3136,214,48,'2018-05-25'),(2377,215,1,'2018-04-27'),(3217,215,4,'2018-05-29'),(2257,215,5,'2018-04-24'),(1777,215,7,'2018-04-06'),(2457,215,8,'2018-05-02'),(2657,215,8,'2018-05-09'),(3177,215,8,'2018-05-28'),(2097,215,12,'2018-04-18'),(1817,215,13,'2018-04-09'),(2017,215,17,'2018-04-16'),(2777,215,17,'2018-05-14'),(1977,215,18,'2018-04-13'),(2417,215,20,'2018-05-01'),(1857,215,21,'2018-04-10'),(2497,215,21,'2018-05-03'),(1737,215,25,'2018-04-05'),(2057,215,26,'2018-04-17'),(2337,215,27,'2018-04-26'),(2937,215,27,'2018-05-18'),(2857,215,28,'2018-05-16'),(1617,215,30,'2018-04-02'),(2617,215,31,'2018-05-08'),(2177,215,33,'2018-04-20'),(2577,215,34,'2018-05-07'),(3097,215,35,'2018-05-24'),(3137,215,36,'2018-05-25'),(3297,215,36,'2018-05-31'),(2217,215,39,'2018-04-23'),(3017,215,40,'2018-05-22'),(3057,215,40,'2018-05-23'),(2697,215,41,'2018-05-10'),(2977,215,41,'2018-05-21'),(1697,215,42,'2018-04-04'),(2817,215,42,'2018-05-15'),(3257,215,42,'2018-05-30'),(2897,215,43,'2018-05-17'),(1657,215,44,'2018-04-03'),(1897,215,45,'2018-04-11'),(2297,215,45,'2018-04-25'),(2537,215,46,'2018-05-04'),(2737,215,47,'2018-05-11'),(2137,215,48,'2018-04-19'),(1937,215,50,'2018-04-12'),(2218,216,1,'2018-04-23'),(2418,216,1,'2018-05-01'),(2338,216,2,'2018-04-26'),(2058,216,3,'2018-04-17'),(2698,216,3,'2018-05-10'),(3058,216,6,'2018-05-23'),(1858,216,9,'2018-04-10'),(2978,216,9,'2018-05-21'),(1778,216,10,'2018-04-06'),(2018,216,11,'2018-04-16'),(2658,216,13,'2018-05-09'),(2138,216,14,'2018-04-19'),(2858,216,14,'2018-05-16'),(1698,216,16,'2018-04-04'),(2258,216,16,'2018-04-24'),(2458,216,16,'2018-05-02'),(2578,216,16,'2018-05-07'),(3258,216,16,'2018-05-30'),(2538,216,17,'2018-05-04'),(3298,216,18,'2018-05-31'),(2818,216,20,'2018-05-15'),(1818,216,21,'2018-04-09'),(2738,216,21,'2018-05-11'),(1658,216,22,'2018-04-03'),(1938,216,24,'2018-04-12'),(2098,216,25,'2018-04-18'),(2618,216,27,'2018-05-08'),(2898,216,28,'2018-05-17'),(3018,216,29,'2018-05-22'),(3138,216,31,'2018-05-25'),(2178,216,34,'2018-04-20'),(2298,216,34,'2018-04-25'),(1738,216,38,'2018-04-05'),(3218,216,39,'2018-05-29'),(3098,216,42,'2018-05-24'),(2498,216,43,'2018-05-03'),(3178,216,45,'2018-05-28'),(2778,216,46,'2018-05-14'),(2938,216,47,'2018-05-18'),(1898,216,48,'2018-04-11'),(1978,216,48,'2018-04-13'),(2378,216,48,'2018-04-27'),(1618,216,50,'2018-04-02'),(2819,217,1,'2018-05-15'),(1859,217,3,'2018-04-10'),(1619,217,4,'2018-04-02'),(2179,217,5,'2018-04-20'),(2779,217,5,'2018-05-14'),(3059,217,5,'2018-05-23'),(2219,217,6,'2018-04-23'),(2419,217,6,'2018-05-01'),(2539,217,6,'2018-05-04'),(2579,217,6,'2018-05-07'),(3139,217,6,'2018-05-25'),(1819,217,8,'2018-04-09'),(1739,217,9,'2018-04-05'),(2459,217,9,'2018-05-02'),(3019,217,10,'2018-05-22'),(3219,217,11,'2018-05-29'),(3299,217,13,'2018-05-31'),(1979,217,15,'2018-04-13'),(2899,217,16,'2018-05-17'),(2299,217,18,'2018-04-25'),(1699,217,19,'2018-04-04'),(2499,217,19,'2018-05-03'),(2939,217,19,'2018-05-18'),(1779,217,20,'2018-04-06'),(1939,217,20,'2018-04-12'),(2979,217,21,'2018-05-21'),(1659,217,23,'2018-04-03'),(2139,217,26,'2018-04-19'),(2619,217,26,'2018-05-08'),(3099,217,26,'2018-05-24'),(2379,217,29,'2018-04-27'),(1899,217,32,'2018-04-11'),(2259,217,36,'2018-04-24'),(2699,217,36,'2018-05-10'),(2019,217,38,'2018-04-16'),(2059,217,39,'2018-04-17'),(2339,217,41,'2018-04-26'),(3259,217,45,'2018-05-30'),(2099,217,46,'2018-04-18'),(2659,217,50,'2018-05-09'),(2739,217,50,'2018-05-11'),(2859,217,50,'2018-05-16'),(3179,217,50,'2018-05-28'),(2980,218,2,'2018-05-21'),(2380,218,3,'2018-04-27'),(2180,218,4,'2018-04-20'),(2740,218,4,'2018-05-11'),(3100,218,4,'2018-05-24'),(1860,218,5,'2018-04-10'),(1820,218,6,'2018-04-09'),(2940,218,6,'2018-05-18'),(3220,218,9,'2018-05-29'),(3300,218,10,'2018-05-31'),(1620,218,11,'2018-04-02'),(1780,218,13,'2018-04-06'),(2460,218,14,'2018-05-02'),(2700,218,18,'2018-05-10'),(2780,218,18,'2018-05-14'),(2540,218,20,'2018-05-04'),(2220,218,22,'2018-04-23'),(2100,218,23,'2018-04-18'),(2500,218,24,'2018-05-03'),(3140,218,27,'2018-05-25'),(2300,218,29,'2018-04-25'),(2860,218,30,'2018-05-16'),(2060,218,31,'2018-04-17'),(2660,218,31,'2018-05-09'),(3180,218,34,'2018-05-28'),(2140,218,35,'2018-04-19'),(2620,218,36,'2018-05-08'),(1900,218,37,'2018-04-11'),(3060,218,39,'2018-05-23'),(3260,218,39,'2018-05-30'),(1700,218,41,'2018-04-04'),(2260,218,41,'2018-04-24'),(1940,218,43,'2018-04-12'),(2020,218,44,'2018-04-16'),(3020,218,44,'2018-05-22'),(1740,218,45,'2018-04-05'),(2820,218,45,'2018-05-15'),(2900,218,45,'2018-05-17'),(2340,218,46,'2018-04-26'),(1660,218,47,'2018-04-03'),(2420,218,49,'2018-05-01'),(2580,218,49,'2018-05-07'),(1980,218,50,'2018-04-13'),(1981,219,1,'2018-04-13'),(3021,219,2,'2018-05-22'),(2261,219,4,'2018-04-24'),(2701,219,5,'2018-05-10'),(2901,219,5,'2018-05-17'),(1781,219,11,'2018-04-06'),(2101,219,11,'2018-04-18'),(3141,219,11,'2018-05-25'),(1621,219,13,'2018-04-02'),(2301,219,13,'2018-04-25'),(2581,219,15,'2018-05-07'),(2781,219,15,'2018-05-14'),(2181,219,16,'2018-04-20'),(1661,219,17,'2018-04-03'),(1861,219,17,'2018-04-10'),(2941,219,18,'2018-05-18'),(3221,219,20,'2018-05-29'),(1901,219,21,'2018-04-11'),(2621,219,22,'2018-05-08'),(2141,219,23,'2018-04-19'),(2221,219,24,'2018-04-23'),(3061,219,28,'2018-05-23'),(2541,219,29,'2018-05-04'),(1741,219,30,'2018-04-05'),(2021,219,33,'2018-04-16'),(3301,219,34,'2018-05-31'),(3261,219,35,'2018-05-30'),(2461,219,36,'2018-05-02'),(2821,219,36,'2018-05-15'),(2421,219,37,'2018-05-01'),(2861,219,38,'2018-05-16'),(2061,219,40,'2018-04-17'),(2661,219,42,'2018-05-09'),(2381,219,43,'2018-04-27'),(3101,219,43,'2018-05-24'),(1701,219,44,'2018-04-04'),(2741,219,44,'2018-05-11'),(1821,219,45,'2018-04-09'),(1941,219,46,'2018-04-12'),(2501,219,46,'2018-05-03'),(3181,219,46,'2018-05-28'),(2341,219,49,'2018-04-26'),(2981,219,49,'2018-05-21');
/*!40000 ALTER TABLE `Schedule` ENABLE KEYS */;
UNLOCK TABLES;

--
-- Table structure for table `Stop`
--

DROP TABLE IF EXISTS `Stop`;
/*!40101 SET @saved_cs_client     = @@character_set_client */;
/*!40101 SET character_set_client = utf8 */;
CREATE TABLE `Stop` (
  `stop_id` int(11) NOT NULL,
  `name` char(50) NOT NULL,
  `location` varchar(45) DEFAULT NULL,
  PRIMARY KEY (`stop_id`)
) ENGINE=InnoDB DEFAULT CHARSET=utf8;
/*!40101 SET character_set_client = @saved_cs_client */;

--
-- Dumping data for table `Stop`
--

LOCK TABLES `Stop` WRITE;
/*!40000 ALTER TABLE `Stop` DISABLE KEYS */;
INSERT INTO `Stop` VALUES (1,'CRI Deck',NULL),(2,'PORTAL East',NULL),(3,'Duke Centennial Hall East',NULL),(4,'Grigg Hall East',NULL),(5,'EPIC North',NULL),(6,'Athletics Complex East',NULL),(7,'Woodward Hall East',NULL),(8,'Popp Martin Student Union East',NULL),(9,'Auxiliary Services',NULL),(10,'Hickory Hall North',NULL),(11,'Student Health Center North',NULL),(12,'Martin Hall',NULL),(13,'Lot 6',NULL),(14,'Lot 5A',NULL),(15,'East Deck 2',NULL),(16,'Fretwell North',NULL),(17,'PaTS',NULL),(18,'Popp Martin Student Union West',NULL),(20,'Athletics Complex West',NULL),(21,'EPIC South',NULL),(22,'Grigg Hall West',NULL),(23,'PORTAL West',NULL),(24,'Hunt Hall',NULL),(25,'Harris Alumni Center',NULL),(26,'Foundation Building',NULL),(27,'Foundation Building',NULL),(28,'Harris Alumni Center',NULL),(29,'Cone Deck',NULL),(30,'Reese West',NULL),(31,'Robinson Hall North',NULL),(32,'Cato Hall North',NULL),(33,'Belk Hall North',NULL),(34,'Wallis Hall East/Light Rail',NULL),(35,'Facilities Management/Police and Public Safety',NULL),(36,'Hickory Hall South',NULL),(37,'Fretwell South',NULL),(39,'Cato Hall South',NULL),(40,'Levine Hall West',NULL),(41,'Facilities Management/Police and Public Safety',NULL),(42,'Wallis Hall West/Light Rail',NULL),(43,'Belk Hall South',NULL),(44,'Reese East',NULL),(45,'Cone Deck West',NULL),(46,'South Village Deck',NULL),(47,'Levine Hall East',NULL);
/*!40000 ALTER TABLE `Stop` ENABLE KEYS */;
UNLOCK TABLES;

--
-- Table structure for table `Student`
--

DROP TABLE IF EXISTS `Student`;
/*!40101 SET @saved_cs_client     = @@character_set_client */;
/*!40101 SET character_set_client = utf8 */;
CREATE TABLE `Student` (
  `student_id` int(11) NOT NULL AUTO_INCREMENT,
  `email` varchar(30) NOT NULL,
  `first_name` varchar(20) DEFAULT NULL,
  `last_name` varchar(20) DEFAULT NULL,
  `disabled_injured` int(11) NOT NULL DEFAULT '0',
  `cellphone` char(20) DEFAULT NULL,
  PRIMARY KEY (`student_id`),
  UNIQUE KEY `username_UNIQUE` (`email`)
) ENGINE=InnoDB AUTO_INCREMENT=110 DEFAULT CHARSET=utf8;
/*!40101 SET character_set_client = @saved_cs_client */;

--
-- Dumping data for table `Student`
--

LOCK TABLES `Student` WRITE;
/*!40000 ALTER TABLE `Student` DISABLE KEYS */;
INSERT INTO `Student` VALUES (1,'qchen12@uncc.edu','Qiuyu','Chen',1,'7046057582'),(12,'aliquet@uncc.edu','Brooke','Douglas',1,NULL),(13,'condimentum@uncc.edu','Macy','Sykes',0,NULL),(14,'et.lacinia.vitae@uncc.edu','Neve','Waters',0,NULL),(15,'a@uncc.edu','Tiger','Hooper',0,NULL),(16,'amet.dapibus@uncc.edu','Giacomo','Chase',0,NULL),(17,'in.felis@uncc.edu','Haley','Estrada',1,NULL),(18,'Aliquam.rutrum.lorem@uncc.edu','Mannix','Foster',0,NULL),(20,'auctor@uncc.edu','Indira','Koch',0,NULL),(21,'Nulla@uncc.edu','Chaim','Walker',0,NULL),(22,'odio@uncc.edu','Amir','Miranda',0,NULL),(23,'quis.pede@uncc.edu','Mia','Franco',0,NULL),(24,'mattis.Integer.eu@uncc.edu','Lee','Nolan',0,NULL),(25,'tellus@uncc.edu','Kalia','Ferguson',0,NULL),(26,'massa.Vestibulum@uncc.edu','Gavin','Todd',0,NULL),(27,'nibh@uncc.edu','Maxine','Mckay',0,NULL),(28,'augue.eu.tellus@uncc.edu','Damon','Pierce',0,NULL),(29,'metus.sit@uncc.edu','Leslie','Sloan',0,NULL),(30,'pede@uncc.edu','Tanya','Workman',1,NULL),(31,'Quisque@uncc.edu','Sharon','Barnett',0,NULL),(32,'convallis.ligula@uncc.edu','Jason','Flynn',0,NULL),(33,'tempus@uncc.edu','Zeus','Harding',0,NULL),(34,'bibendum@uncc.edu','Ulla','Shepherd',0,NULL),(35,'fermentum.metus@uncc.edu','Abra','Campbell',0,NULL),(36,'turpis.egestas@uncc.edu','Petra','Hansen',0,NULL),(37,'sagittis.augue@uncc.edu','Jorden','Ortega',0,NULL),(38,'sit@uncc.edu','Constance','Strong',1,NULL),(39,'accumsan.convallis@uncc.edu','Cullen','Preston',0,NULL),(40,'Nam.consequat.dolor@uncc.edu','Kevyn','Shepard',0,NULL),(41,'adipiscing.enim@uncc.edu','Jennifer','Haynes',0,NULL),(42,'diam.Proin.dolor@uncc.edu','Philip','Rodgers',0,NULL),(43,'Sed@uncc.edu','Pandora','Lee',0,NULL),(44,'at.augue.id@uncc.edu','Deacon','Maddox',0,NULL),(45,'ultricies@uncc.edu','Ciara','Morris',0,NULL),(46,'natoque@uncc.edu','Megan','Hughes',0,NULL),(47,'tristique.neque@uncc.edu','Amela','Joyner',0,NULL),(48,'velit@uncc.edu','Denton','Allen',0,NULL),(49,'leo@uncc.edu','Finn','Roberts',0,NULL),(50,'Etiam@uncc.edu','Erin','Newman',0,NULL),(51,'dignissim@uncc.edu','Eagan','Mcconnell',1,NULL),(52,'mauris@uncc.edu','Hector','Massey',0,NULL),(53,'nec.mauris@uncc.edu','Ferris','Crawford',0,NULL),(54,'pellentesque.tellus@uncc.edu','Jemima','Hooper',0,NULL),(55,'auctor.Mauris.vel@uncc.edu','Bianca','Woodard',0,NULL),(56,'feugiat.metus.sit@uncc.edu','Igor','Rojas',0,NULL),(57,'gravida@uncc.edu','Reese','Conner',0,NULL),(58,'scelerisque@uncc.edu','Castor','Bradshaw',0,NULL),(59,'tortor.Integer@uncc.edu','Jerry','Tyson',0,NULL),(61,'turpis.In.condimentum@uncc.edu','Michael','Simmons',0,NULL),(62,'Nulla.semper.tellus@uncc.edu','Noel','Pruitt',1,NULL),(63,'sodales@uncc.edu','Bernard','Clay',0,NULL),(64,'erat.volutpat@uncc.edu','Idola','Snyder',0,NULL),(65,'sit.amet.metus@uncc.edu','Yuli','Short',0,NULL),(67,'Nunc.ac@uncc.edu','Chase','Coleman',1,NULL),(68,'a.neque@uncc.edu','Gabriel','Nolan',0,NULL),(69,'pretium@uncc.edu','Amery','Armstrong',0,NULL),(70,'neque.et.nunc@uncc.edu','Whilemina','Cobb',0,NULL),(71,'luctus.sit@uncc.edu','Chaim','Garcia',0,NULL),(72,'egestas.hendrerit@uncc.edu','Kadeem','Turner',0,NULL),(73,'ipsum.Phasellus.vitae@uncc.edu','Nero','Russo',0,NULL),(74,'arcu@uncc.edu','Gil','Blackwell',0,NULL),(75,'tellus.non@uncc.edu','Yardley','Wiley',0,NULL),(76,'ipsum.Phasellus@uncc.edu','Wing','Tillman',0,NULL),(77,'nulla.In@uncc.edu','Claudia','Carey',1,NULL),(78,'mauris.id@uncc.edu','Rowan','Floyd',0,NULL),(79,'magna.Cras@uncc.edu','Angela','Mills',0,NULL),(80,'egestas.rhoncus.Proin@uncc.edu','Jayme','Sweeney',0,NULL),(81,'ornare.lectus.ante@uncc.edu','Willow','Fleming',0,NULL),(82,'Ut.semper.pretium@uncc.edu','Garrison','Orr',0,NULL),(83,'arcu.Vestibulum@uncc.edu','Dieter','Sykes',0,NULL),(85,'quis@uncc.edu','Ralph','Cox',0,NULL),(86,'semper@uncc.edu','Scarlet','Cook',0,NULL),(87,'eleifend.nec@uncc.edu','Idona','Burton',0,NULL),(88,'non@uncc.edu','Chantale','Hopper',0,NULL),(89,'Suspendisse.aliquet@uncc.edu','Zoe','Mcintyre',1,NULL),(90,'Morbi@uncc.edu','Richard','Banks',0,NULL),(91,'Integer.in@uncc.edu','Lee','Sweet',0,NULL),(92,'dictum.sapien@uncc.edu','Marvin','Bishop',0,NULL),(93,'elit.Etiam@uncc.edu','Adena','Myers',0,NULL),(94,'rhoncus.Proin.nisl@uncc.edu','Kermit','Barton',0,NULL),(95,'fames.ac.turpis@uncc.edu','Jolene','Morrow',0,NULL),(96,'pellentesque@uncc.edu','April','Mccoy',0,NULL),(98,'mattis.semper.dui@uncc.edu','Vincent','Barber',0,NULL),(99,'Nulla.facilisis@uncc.edu','Illana','Burch',0,NULL),(100,'Maecenas.malesuada@uncc.edu','Andrew','Howe',1,NULL),(101,'vehicula@uncc.edu','Jason','Vaughn',0,NULL),(102,'lobortis.quam.a@uncc.edu','Meredith','Drake',0,NULL),(103,'massa@uncc.edu','Colby','Stone',0,NULL),(104,'adipiscing@uncc.edu','Kelsie','Nicholson',0,NULL),(109,'qychen13@gmail.com','Jame','Chen',0,'7046057582');
/*!40000 ALTER TABLE `Student` ENABLE KEYS */;
UNLOCK TABLES;

--
-- Table structure for table `TimeTable`
--

DROP TABLE IF EXISTS `TimeTable`;
/*!40101 SET @saved_cs_client     = @@character_set_client */;
/*!40101 SET character_set_client = utf8 */;
CREATE TABLE `TimeTable` (
  `vehicle_id` int(11) NOT NULL,
  `line_id` int(11) NOT NULL,
  `start_time` time NOT NULL,
  PRIMARY KEY (`vehicle_id`,`line_id`,`start_time`),
  KEY `fk_line_id_idx` (`line_id`),
  CONSTRAINT `fk_line_id` FOREIGN KEY (`line_id`) REFERENCES `Route` (`line_id`) ON DELETE NO ACTION ON UPDATE CASCADE,
  CONSTRAINT `fk_vehicle_id_tb` FOREIGN KEY (`vehicle_id`) REFERENCES `Auto` (`vehicle_id`) ON DELETE NO ACTION ON UPDATE NO ACTION
) ENGINE=InnoDB DEFAULT CHARSET=utf8;
/*!40101 SET character_set_client = @saved_cs_client */;

--
-- Dumping data for table `TimeTable`
--

LOCK TABLES `TimeTable` WRITE;
/*!40000 ALTER TABLE `TimeTable` DISABLE KEYS */;
INSERT INTO `TimeTable` VALUES (200,0,'07:00:00'),(201,0,'14:00:00'),(202,0,'21:00:00'),(203,0,'08:00:00'),(204,0,'15:00:00'),(206,0,'09:00:00'),(207,0,'16:00:00'),(209,0,'10:00:00'),(210,0,'17:00:00'),(212,0,'11:00:00'),(213,0,'18:00:00'),(215,0,'12:00:00'),(216,0,'19:00:00'),(218,0,'13:00:00'),(219,0,'20:00:00'),(200,1,'20:00:00'),(201,1,'07:00:00'),(202,1,'14:00:00'),(203,1,'21:00:00'),(204,1,'08:00:00'),(205,1,'15:00:00'),(207,1,'09:00:00'),(208,1,'16:00:00'),(210,1,'10:00:00'),(211,1,'17:00:00'),(213,1,'11:00:00'),(214,1,'18:00:00'),(216,1,'12:00:00'),(217,1,'19:00:00'),(219,1,'13:00:00'),(200,2,'13:00:00'),(201,2,'20:00:00'),(202,2,'07:00:00'),(203,2,'14:00:00'),(204,2,'21:00:00'),(205,2,'08:00:00'),(206,2,'15:00:00'),(208,2,'09:00:00'),(209,2,'16:00:00'),(211,2,'10:00:00'),(212,2,'17:00:00'),(214,2,'11:00:00'),(215,2,'18:00:00'),(217,2,'12:00:00'),(218,2,'19:00:00');
/*!40000 ALTER TABLE `TimeTable` ENABLE KEYS */;
UNLOCK TABLES;

--
-- Table structure for table `Vehicle`
--

DROP TABLE IF EXISTS `Vehicle`;
/*!40101 SET @saved_cs_client     = @@character_set_client */;
/*!40101 SET character_set_client = utf8 */;
CREATE TABLE `Vehicle` (
  `vehicle_id` int(11) NOT NULL,
  `type` varchar(10) NOT NULL,
  PRIMARY KEY (`vehicle_id`)
) ENGINE=InnoDB DEFAULT CHARSET=utf8;
/*!40101 SET character_set_client = @saved_cs_client */;

--
-- Dumping data for table `Vehicle`
--

LOCK TABLES `Vehicle` WRITE;
/*!40000 ALTER TABLE `Vehicle` DISABLE KEYS */;
INSERT INTO `Vehicle` VALUES (100,'cart'),(101,'cart'),(102,'cart'),(103,'cart'),(104,'cart'),(105,'cart'),(106,'cart'),(107,'cart'),(108,'cart'),(109,'cart'),(110,'cart'),(111,'cart'),(112,'cart'),(113,'cart'),(114,'cart'),(115,'cart'),(116,'cart'),(117,'cart'),(118,'cart'),(119,'cart'),(120,'cart'),(121,'cart'),(122,'cart'),(123,'cart'),(124,'cart'),(125,'cart'),(126,'cart'),(127,'cart'),(128,'cart'),(129,'cart'),(200,'auto'),(201,'auto'),(202,'auto'),(203,'auto'),(204,'auto'),(205,'auto'),(206,'auto'),(207,'auto'),(208,'auto'),(209,'auto'),(210,'auto'),(211,'auto'),(212,'auto'),(213,'auto'),(214,'auto'),(215,'auto'),(216,'auto'),(217,'auto'),(218,'auto'),(219,'auto');
/*!40000 ALTER TABLE `Vehicle` ENABLE KEYS */;
UNLOCK TABLES;

--
-- Temporary view structure for view `stoptimetable`
--

DROP TABLE IF EXISTS `stoptimetable`;
/*!50001 DROP VIEW IF EXISTS `stoptimetable`*/;
SET @saved_cs_client     = @@character_set_client;
SET character_set_client = utf8;
/*!50001 CREATE VIEW `stoptimetable` AS SELECT 
 1 AS `line_id`,
 1 AS `vehicle_id`,
 1 AS `pick_up_time`,
 1 AS `pick_up_stop`,
 1 AS `drop_off_time`,
 1 AS `drop_off_stop`*/;
SET character_set_client = @saved_cs_client;

--
-- Dumping routines for database 'CampusRide'
--
/*!50003 DROP PROCEDURE IF EXISTS `insert_auto_ride` */;
/*!50003 SET @saved_cs_client      = @@character_set_client */ ;
/*!50003 SET @saved_cs_results     = @@character_set_results */ ;
/*!50003 SET @saved_col_connection = @@collation_connection */ ;
/*!50003 SET character_set_client  = utf8 */ ;
/*!50003 SET character_set_results = utf8 */ ;
/*!50003 SET collation_connection  = utf8_general_ci */ ;
/*!50003 SET @saved_sql_mode       = @@sql_mode */ ;
/*!50003 SET sql_mode              = 'ONLY_FULL_GROUP_BY,STRICT_TRANS_TABLES,NO_ZERO_IN_DATE,NO_ZERO_DATE,ERROR_FOR_DIVISION_BY_ZERO,NO_AUTO_CREATE_USER,NO_ENGINE_SUBSTITUTION' */ ;
DELIMITER ;;
CREATE DEFINER=`root`@`localhost` PROCEDURE `insert_auto_ride`(stu_id int, sche_id int, pik_time time, pik_stop int, drop_stop int)
begin
	insert into Appointment(student_id, schedule_id, type, pick_up_time, pick_up_stop)
	values(stu_id, sche_id, 'auto', pik_time, pik_stop);
	set @apt_id = (select last_insert_id());
	insert into AutoRide(apt_id, drop_off_stop)
	values(@apt_id, drop_stop);
end ;;
DELIMITER ;
/*!50003 SET sql_mode              = @saved_sql_mode */ ;
/*!50003 SET character_set_client  = @saved_cs_client */ ;
/*!50003 SET character_set_results = @saved_cs_results */ ;
/*!50003 SET collation_connection  = @saved_col_connection */ ;

--
-- Final view structure for view `stoptimetable`
--

/*!50001 DROP VIEW IF EXISTS `stoptimetable`*/;
/*!50001 SET @saved_cs_client          = @@character_set_client */;
/*!50001 SET @saved_cs_results         = @@character_set_results */;
/*!50001 SET @saved_col_connection     = @@collation_connection */;
/*!50001 SET character_set_client      = utf8 */;
/*!50001 SET character_set_results     = utf8 */;
/*!50001 SET collation_connection      = utf8_general_ci */;
/*!50001 CREATE ALGORITHM=UNDEFINED */
/*!50013 DEFINER=`root`@`localhost` SQL SECURITY DEFINER */
/*!50001 VIEW `stoptimetable` AS select `linetable`.`line_id` AS `line_id`,`campusride`.`timetable`.`vehicle_id` AS `vehicle_id`,addtime(`campusride`.`timetable`.`start_time`,maketime(0,`linetable`.`time1`,0)) AS `pick_up_time`,`linetable`.`pick_up_stop` AS `pick_up_stop`,addtime(`campusride`.`timetable`.`start_time`,maketime(0,`linetable`.`time2`,0)) AS `drop_off_time`,`linetable`.`drop_off_stop` AS `drop_off_stop` from (((select `t1`.`line_id` AS `line_id`,`t1`.`time1` AS `time1`,`t2`.`time2` AS `time2`,`t1`.`stop_id1` AS `pick_up_stop`,`t2`.`stop_id2` AS `drop_off_stop` from (((select `campusride`.`route`.`line_id` AS `line_id`,`campusride`.`route`.`stop_id` AS `stop_id1`,`campusride`.`route`.`elapse_time` AS `time1` from `campusride`.`route`)) `T1` join (select `campusride`.`route`.`line_id` AS `line_id`,`campusride`.`route`.`stop_id` AS `stop_id2`,`campusride`.`route`.`elapse_time` AS `time2` from `campusride`.`route`) `T2` on((`t1`.`line_id` = `t2`.`line_id`))) where (`t1`.`time1` < `t2`.`time2`))) `LineTable` join `campusride`.`timetable` on((`linetable`.`line_id` = `campusride`.`timetable`.`line_id`))) */;
/*!50001 SET character_set_client      = @saved_cs_client */;
/*!50001 SET character_set_results     = @saved_cs_results */;
/*!50001 SET collation_connection      = @saved_col_connection */;
/*!40103 SET TIME_ZONE=@OLD_TIME_ZONE */;

/*!40101 SET SQL_MODE=@OLD_SQL_MODE */;
/*!40014 SET FOREIGN_KEY_CHECKS=@OLD_FOREIGN_KEY_CHECKS */;
/*!40014 SET UNIQUE_CHECKS=@OLD_UNIQUE_CHECKS */;
/*!40101 SET CHARACTER_SET_CLIENT=@OLD_CHARACTER_SET_CLIENT */;
/*!40101 SET CHARACTER_SET_RESULTS=@OLD_CHARACTER_SET_RESULTS */;
/*!40101 SET COLLATION_CONNECTION=@OLD_COLLATION_CONNECTION */;
/*!40111 SET SQL_NOTES=@OLD_SQL_NOTES */;

-- Dump completed on 2018-04-17 14:06:56
